,university,relationships,break ups,divorce,wedding,death,family,friendship,Dominant_Topic,Topic_Probability
Document 0,6.8,5.5,0.1,30.5,0.1,2.7,8.2,46.0,Topic 7,46.0
Document 1,2.3,7.2,0.1,0.1,2.4,23.8,63.7,0.3,Topic 6,63.7
Document 2,15.0,26.3,8.8,1.8,27.2,1.3,7.4,12.2,Topic 4,27.2
Document 3,16.4,57.2,3.2,2.4,2.5,2.3,6.9,9.1,Topic 1,57.2
Document 4,21.3,7.8,20.1,13.7,4.8,11.9,3.6,16.8,Topic 0,21.3
Document 5,0.4,6.6,25.9,0.1,18.3,0.3,47.5,0.8,Topic 6,47.5
Document 6,39.8,18.1,3.3,4.1,2.2,11.1,14.3,7.1,Topic 0,39.8
Document 7,3.1,4.4,20.3,14.2,4.7,30.5,16.3,6.5,Topic 5,30.5
Document 8,13.1,10.0,20.7,23.5,4.4,8.1,0.4,19.8,Topic 3,23.5
Document 9,0.2,28.8,8.9,16.9,3.2,3.2,19.7,19.2,Topic 1,28.8
Document 10,22.9,4.3,27.0,4.5,3.9,26.2,3.7,7.4,Topic 2,27.0
Document 11,27.3,3.9,11.8,4.6,7.7,22.6,1.6,20.4,Topic 0,27.3
Document 12,18.3,1.8,1.3,22.0,2.9,4.3,10.0,39.4,Topic 7,39.4
Document 13,6.2,3.0,3.8,3.2,18.5,38.1,11.8,15.3,Topic 5,38.1
Document 14,3.6,16.2,6.9,5.6,6.5,0.4,55.3,5.4,Topic 6,55.3
Document 15,35.4,36.7,3.9,2.1,2.5,3.5,15.6,0.3,Topic 1,36.7
Document 16,29.5,0.2,1.3,26.5,1.8,6.0,1.2,33.6,Topic 7,33.6
Document 17,10.3,10.7,23.2,3.4,7.6,0.8,25.3,18.8,Topic 6,25.3
Document 18,12.4,4.9,1.1,17.7,32.3,14.9,0.6,16.0,Topic 4,32.3
Document 19,4.6,0.3,1.7,14.7,15.0,47.7,1.5,14.5,Topic 5,47.7
Document 20,32.0,2.1,3.3,9.7,0.7,12.3,1.5,38.3,Topic 7,38.3
Document 21,28.9,3.1,0.0,22.6,4.2,11.4,6.0,23.9,Topic 0,28.9
Document 22,0.7,0.9,2.0,13.2,0.3,34.2,0.1,48.6,Topic 7,48.6
Document 23,3.1,0.0,10.5,9.2,19.2,45.3,12.5,0.1,Topic 5,45.3
Document 24,3.4,10.5,0.9,2.7,12.9,17.0,47.5,5.1,Topic 6,47.5
Document 25,9.3,8.8,9.8,11.4,1.4,1.4,49.5,8.5,Topic 6,49.5
Document 26,24.3,4.5,20.7,14.5,10.4,22.7,0.2,2.7,Topic 0,24.3
Document 27,6.9,2.9,23.8,0.5,21.0,15.7,24.3,4.8,Topic 6,24.3
Document 28,8.8,11.3,5.3,16.1,5.8,12.5,22.2,18.0,Topic 6,22.2
Document 29,2.4,14.8,0.6,10.5,34.7,0.8,29.8,6.4,Topic 4,34.7
Document 30,2.4,6.3,47.6,5.1,8.5,9.0,16.3,4.9,Topic 2,47.6
Document 31,8.5,1.4,3.6,13.9,7.9,53.5,7.2,4.0,Topic 5,53.5
Document 32,23.0,3.2,4.2,7.7,7.8,0.7,32.0,21.5,Topic 6,32.0
Document 33,23.0,0.3,48.9,3.9,1.7,5.3,3.8,13.1,Topic 2,48.9
Document 34,0.3,29.2,4.0,6.8,18.9,3.1,8.5,29.3,Topic 7,29.3
Document 35,6.6,4.7,9.7,2.5,13.3,51.4,8.4,3.4,Topic 5,51.4
Document 36,24.7,4.5,8.7,20.3,5.9,9.7,17.5,8.6,Topic 0,24.7
Document 37,4.4,11.7,0.2,10.3,28.5,8.2,19.6,17.1,Topic 4,28.5
Document 38,7.8,6.8,9.9,23.3,8.5,20.9,8.0,14.8,Topic 3,23.3
Document 39,2.0,9.2,19.2,0.4,33.9,15.1,1.2,19.0,Topic 4,33.9
Document 40,11.5,0.4,4.4,7.7,6.2,43.5,11.9,14.4,Topic 5,43.5
Document 41,17.7,3.4,0.4,4.4,0.4,50.2,22.6,0.8,Topic 5,50.2
Document 42,0.3,1.4,4.3,32.6,14.8,6.6,35.1,5.1,Topic 6,35.1
Document 43,17.8,0.3,31.0,0.1,0.0,45.8,0.4,4.5,Topic 5,45.8
Document 44,1.2,2.4,19.3,8.6,7.3,36.0,5.5,19.8,Topic 5,36.0
Document 45,0.6,0.1,59.5,2.4,5.5,9.4,11.4,11.0,Topic 2,59.5
Document 46,31.1,8.7,12.4,9.8,12.1,0.2,14.1,11.6,Topic 0,31.1
Document 47,0.1,1.4,22.3,16.8,14.5,2.0,0.6,42.4,Topic 7,42.4
Document 48,0.2,6.9,41.9,2.3,15.9,1.8,4.9,26.0,Topic 2,41.9
Document 49,7.3,4.3,15.0,1.3,10.0,30.0,17.7,14.4,Topic 5,30.0
Document 50,0.4,3.2,17.0,14.8,0.4,1.0,36.9,26.3,Topic 6,36.9
Document 51,25.3,15.4,3.0,12.5,14.6,24.1,2.4,2.7,Topic 0,25.3
Document 52,13.0,17.9,5.2,18.9,18.8,2.5,15.9,7.8,Topic 3,18.9
Document 53,12.1,52.1,0.1,5.5,1.5,0.2,2.6,25.8,Topic 1,52.1
Document 54,16.5,11.4,7.2,5.2,0.1,24.1,26.3,9.1,Topic 6,26.3
Document 55,24.3,0.1,20.4,6.1,33.1,0.1,14.7,1.2,Topic 4,33.1
Document 56,20.7,12.4,16.5,1.5,24.0,2.1,6.9,15.9,Topic 4,24.0
Document 57,21.8,7.8,6.9,22.1,15.0,2.2,9.1,15.2,Topic 3,22.1
Document 58,2.2,29.7,10.6,5.6,7.2,1.4,37.5,5.9,Topic 6,37.5
Document 59,4.7,5.2,12.5,0.4,6.6,18.2,44.6,7.8,Topic 6,44.6
Document 60,55.4,6.6,0.1,4.5,0.2,1.9,31.0,0.2,Topic 0,55.4
Document 61,3.5,7.0,8.9,37.6,2.0,13.4,0.7,26.9,Topic 3,37.6
Document 62,0.9,0.0,33.3,0.0,0.0,0.0,65.6,0.0,Topic 6,65.6
Document 63,59.1,10.2,0.0,6.5,7.7,1.0,11.2,4.2,Topic 0,59.1
Document 64,13.6,13.1,7.6,9.8,0.7,29.5,14.2,11.5,Topic 5,29.5
Document 65,4.9,10.1,0.9,5.9,37.1,12.4,12.4,16.3,Topic 4,37.1
Document 66,16.6,0.6,6.0,6.6,6.0,39.6,0.7,23.9,Topic 5,39.6
Document 67,5.1,22.5,15.9,4.7,10.1,2.6,20.0,19.1,Topic 1,22.5
Document 68,1.0,8.3,5.3,4.2,4.5,52.3,13.8,10.6,Topic 5,52.3
Document 69,11.2,17.4,10.4,10.9,3.2,1.7,1.2,43.9,Topic 7,43.9
Document 70,11.8,12.7,12.6,3.5,12.8,2.1,2.3,42.2,Topic 7,42.2
Document 71,36.8,9.6,6.5,4.8,5.9,6.1,6.0,24.3,Topic 0,36.8
Document 72,1.6,6.6,71.8,2.4,2.6,4.4,5.6,5.0,Topic 2,71.8
Document 73,2.2,19.8,0.3,23.4,13.2,0.8,0.3,40.0,Topic 7,40.0
Document 74,2.0,18.3,0.6,0.1,0.2,13.1,50.6,15.3,Topic 6,50.6
Document 75,1.2,42.9,0.0,4.0,22.8,3.3,0.1,25.6,Topic 1,42.9
Document 76,0.1,1.5,38.2,0.0,5.9,0.8,42.1,11.4,Topic 6,42.1
Document 77,10.5,5.5,2.2,29.6,0.5,10.5,0.9,40.3,Topic 7,40.3
Document 78,23.0,29.2,14.4,0.3,3.2,24.8,2.5,2.6,Topic 1,29.2
Document 79,33.3,0.8,0.1,30.3,5.6,5.0,10.8,14.2,Topic 0,33.3
Document 80,22.7,10.6,20.5,3.5,15.1,9.7,0.0,17.9,Topic 0,22.7
Document 81,20.2,6.1,57.8,4.2,3.5,6.0,0.6,1.6,Topic 2,57.8
Document 82,2.4,27.1,3.6,3.9,16.0,36.5,5.9,4.6,Topic 5,36.5
Document 83,5.1,22.1,5.9,21.5,22.9,0.5,0.8,21.2,Topic 4,22.9
Document 84,37.2,6.3,11.7,2.8,7.3,12.6,15.9,6.3,Topic 0,37.2
Document 85,64.5,0.2,0.8,4.2,1.6,19.5,9.2,0.0,Topic 0,64.5
Document 86,16.4,32.0,0.1,6.9,1.8,1.4,0.4,41.1,Topic 7,41.1
Document 87,0.4,17.2,1.1,16.6,25.0,10.5,4.2,25.0,Topic 4,25.0
Document 88,0.6,6.5,0.0,15.6,26.9,0.8,18.0,31.6,Topic 7,31.6
Document 89,11.0,26.9,2.6,3.1,19.8,10.5,18.9,7.2,Topic 1,26.9
Document 90,6.5,7.1,13.4,0.6,13.5,51.5,0.2,7.1,Topic 5,51.5
Document 91,5.7,24.4,2.3,9.4,29.0,10.2,1.8,17.2,Topic 4,29.0
Document 92,5.5,9.0,3.7,14.3,2.5,29.9,21.5,13.8,Topic 5,29.9
Document 93,1.3,40.5,7.8,5.9,5.6,1.5,8.9,28.5,Topic 1,40.5
Document 94,1.3,39.2,4.3,6.9,5.7,0.3,15.6,26.8,Topic 1,39.2
Document 95,1.0,19.6,0.3,9.0,1.7,4.5,20.6,43.3,Topic 7,43.3
Document 96,14.4,15.7,3.6,2.4,9.4,4.5,11.5,38.6,Topic 7,38.6
Document 97,0.2,32.2,5.5,7.8,3.7,25.2,21.3,4.0,Topic 1,32.2
Document 98,0.7,0.7,23.1,18.6,28.8,4.1,5.1,18.8,Topic 4,28.8
Document 99,0.1,19.9,1.0,14.6,36.1,6.4,1.3,20.6,Topic 4,36.1
Document 100,3.3,5.2,27.2,11.9,8.9,20.6,3.9,19.1,Topic 2,27.2
Document 101,1.6,7.1,4.6,41.2,21.8,5.8,4.2,13.8,Topic 3,41.2
Document 102,20.9,3.5,4.4,10.6,9.7,31.1,19.6,0.2,Topic 5,31.1
Document 103,26.8,1.8,2.8,25.9,8.5,12.4,3.7,18.0,Topic 0,26.8
Document 104,13.2,0.5,13.7,9.7,50.5,6.4,0.9,5.2,Topic 4,50.5
Document 105,0.6,0.1,6.1,26.9,21.7,37.2,1.3,6.0,Topic 5,37.2
Document 106,2.2,2.2,20.8,41.0,1.5,8.1,0.3,23.8,Topic 3,41.0
Document 107,0.5,0.4,0.0,15.6,54.1,19.0,0.1,10.3,Topic 4,54.1
Document 108,13.1,4.4,0.4,48.9,0.1,0.6,2.9,29.7,Topic 3,48.9
Document 109,0.9,9.4,6.2,3.0,49.7,14.8,0.9,15.1,Topic 4,49.7
Document 110,10.0,24.3,9.2,10.0,15.9,1.5,7.3,22.0,Topic 1,24.3
Document 111,10.5,6.1,25.0,1.1,0.2,12.3,35.5,9.3,Topic 6,35.5
Document 112,19.5,0.9,12.3,0.6,2.1,11.5,42.5,10.6,Topic 6,42.5
Document 113,0.6,6.8,4.1,20.8,20.4,11.6,10.6,25.0,Topic 7,25.0
Document 114,2.4,2.9,4.4,16.2,6.2,45.2,1.3,21.4,Topic 5,45.2
Document 115,35.0,2.4,11.5,21.7,0.3,13.8,11.2,4.3,Topic 0,35.0
Document 116,50.8,3.7,6.1,9.2,9.2,0.6,3.9,16.5,Topic 0,50.8
Document 117,1.9,14.2,16.9,34.5,0.4,1.6,7.2,23.2,Topic 3,34.5
Document 118,10.4,9.0,18.8,0.4,6.3,0.4,49.1,5.7,Topic 6,49.1
Document 119,0.3,54.8,9.1,3.4,2.2,0.1,27.2,2.9,Topic 1,54.8
Document 120,30.1,18.6,4.0,0.4,27.1,15.4,0.1,4.3,Topic 0,30.1
Document 121,0.5,5.9,2.4,34.5,6.5,0.2,3.1,46.7,Topic 7,46.7
Document 122,4.1,44.6,2.0,9.3,4.9,10.8,5.7,18.6,Topic 1,44.6
Document 123,4.5,8.2,30.5,11.1,7.9,25.4,4.2,8.0,Topic 2,30.5
Document 124,0.2,32.6,11.7,7.2,13.4,3.3,23.9,7.8,Topic 1,32.6
Document 125,2.1,39.4,7.3,5.2,12.5,2.8,27.0,3.7,Topic 1,39.4
Document 126,22.0,10.8,3.8,3.5,24.5,10.2,0.7,24.5,Topic 4,24.5
Document 127,1.9,12.1,0.1,9.4,5.6,5.7,0.5,64.6,Topic 7,64.6
Document 128,1.9,23.8,29.9,2.0,1.1,6.7,24.2,10.4,Topic 2,29.9
Document 129,4.7,5.4,4.5,3.4,26.6,23.0,27.1,5.2,Topic 6,27.1
Document 130,0.1,3.0,0.2,38.6,14.2,6.3,0.4,37.2,Topic 3,38.6
Document 131,14.6,7.8,0.3,2.0,37.2,26.5,11.4,0.1,Topic 4,37.2
Document 132,1.0,8.2,0.0,14.9,26.9,6.1,3.7,39.1,Topic 7,39.1
Document 133,12.7,27.3,10.1,12.0,5.7,5.3,11.5,15.2,Topic 1,27.3
Document 134,3.2,13.4,14.6,10.1,2.2,47.4,4.6,4.5,Topic 5,47.4
Document 135,6.7,9.7,11.3,9.4,28.9,4.4,3.8,25.9,Topic 4,28.9
Document 136,1.2,12.1,5.4,4.1,13.5,19.3,0.6,43.7,Topic 7,43.7
Document 137,3.9,19.4,17.3,22.5,7.8,14.4,1.4,13.4,Topic 3,22.5
Document 138,12.8,16.4,10.0,6.9,14.1,0.3,15.3,24.2,Topic 7,24.2
Document 139,1.0,5.7,0.1,53.1,0.8,2.8,0.4,36.1,Topic 3,53.1
Document 140,7.0,39.6,1.0,4.1,10.3,4.6,4.6,28.8,Topic 1,39.6
Document 141,78.4,0.8,5.9,3.5,0.4,2.1,6.8,2.1,Topic 0,78.4
Document 142,16.5,30.6,16.2,3.3,1.4,10.8,7.1,14.1,Topic 1,30.6
Document 143,19.5,4.8,5.0,28.1,4.1,20.8,0.9,16.8,Topic 3,28.1
Document 144,33.5,6.6,0.3,10.1,8.6,0.6,37.4,3.1,Topic 6,37.4
Document 145,1.9,8.9,8.2,12.8,29.6,17.8,1.0,19.8,Topic 4,29.6
Document 146,10.1,4.0,4.3,14.2,24.2,1.2,13.7,28.3,Topic 7,28.3
Document 147,3.2,12.9,4.0,11.2,40.9,1.7,11.1,14.9,Topic 4,40.9
Document 148,46.4,1.4,2.0,1.4,21.0,13.8,10.1,4.0,Topic 0,46.4
Document 149,18.4,10.4,21.6,15.2,3.6,7.3,0.5,22.9,Topic 7,22.9
Document 150,22.4,3.7,8.2,0.6,37.7,10.9,2.9,13.7,Topic 4,37.7
Document 151,1.4,11.6,16.7,13.8,2.6,34.4,8.2,11.2,Topic 5,34.4
Document 152,1.4,3.4,44.1,2.0,14.7,13.6,6.2,14.4,Topic 2,44.1
Document 153,11.8,10.5,3.8,35.5,3.2,0.5,9.1,25.6,Topic 3,35.5
Document 154,5.4,4.9,4.6,5.4,16.2,36.6,24.1,2.7,Topic 5,36.6
Document 155,55.8,5.2,8.9,8.9,7.1,1.4,3.4,9.3,Topic 0,55.8
Document 156,13.5,5.7,12.7,19.3,0.9,27.2,2.5,18.0,Topic 5,27.2
Document 157,16.9,2.9,41.8,3.4,3.0,13.8,13.4,4.8,Topic 2,41.8
Document 158,11.2,59.7,0.1,0.3,5.4,0.2,7.5,15.7,Topic 1,59.7
Document 159,40.0,0.9,9.3,17.3,4.4,24.8,1.0,2.4,Topic 0,40.0
Document 160,3.6,34.6,4.4,14.3,3.0,1.5,7.5,31.1,Topic 1,34.6
Document 161,0.3,5.1,9.7,10.1,62.0,9.2,0.1,3.5,Topic 4,62.0
Document 162,3.6,2.0,5.7,3.0,8.3,53.6,2.9,20.8,Topic 5,53.6
Document 163,1.3,5.6,5.2,17.5,6.6,34.9,1.0,27.8,Topic 5,34.9
Document 164,20.4,28.1,14.5,2.2,11.7,5.1,0.7,17.2,Topic 1,28.1
Document 165,11.4,12.0,3.1,1.9,16.5,14.3,19.5,21.2,Topic 7,21.2
Document 166,10.7,39.1,1.5,0.7,8.4,6.5,26.5,6.7,Topic 1,39.1
Document 167,11.4,1.8,1.7,39.3,6.9,2.6,0.2,36.1,Topic 3,39.3
Document 168,8.3,16.1,11.1,7.6,3.0,7.0,37.5,9.4,Topic 6,37.5
Document 169,3.9,3.4,47.4,0.9,3.3,29.7,3.2,8.1,Topic 2,47.4
Document 170,10.2,28.9,11.2,5.5,4.2,0.5,17.5,21.9,Topic 1,28.9
Document 171,1.5,36.6,1.8,16.6,7.5,11.4,2.0,22.6,Topic 1,36.6
Document 172,3.7,41.6,1.8,3.2,14.0,2.6,12.4,20.6,Topic 1,41.6
Document 173,1.0,17.7,1.5,17.6,7.6,43.2,6.7,4.7,Topic 5,43.2
Document 174,37.5,8.1,20.8,9.7,0.4,10.9,0.3,12.3,Topic 0,37.5
Document 175,45.7,2.4,11.8,5.0,2.4,15.8,3.2,13.7,Topic 0,45.7
Document 176,12.3,3.1,20.7,2.9,3.1,32.4,0.1,25.4,Topic 5,32.4
Document 177,47.0,14.6,0.7,2.6,1.5,12.4,5.6,15.6,Topic 0,47.0
Document 178,46.7,5.0,5.0,2.4,3.4,0.4,0.6,36.6,Topic 0,46.7
Document 179,1.3,7.5,3.3,45.2,16.2,7.9,0.1,18.5,Topic 3,45.2
Document 180,17.1,10.5,27.0,7.1,9.0,11.7,3.0,14.6,Topic 2,27.0
Document 181,5.3,27.6,0.8,3.7,16.9,4.1,3.4,38.2,Topic 7,38.2
Document 182,3.6,8.5,3.4,20.2,23.8,7.9,18.4,14.3,Topic 4,23.8
Document 183,5.6,7.9,7.6,16.9,8.5,24.4,4.7,24.4,Topic 5,24.4
Document 184,37.6,13.5,0.1,12.8,18.5,0.1,17.2,0.1,Topic 0,37.6
Document 185,38.9,0.2,6.4,22.5,1.8,1.9,3.8,24.6,Topic 0,38.9
Document 186,9.4,19.0,11.0,13.0,0.5,11.1,7.2,28.9,Topic 7,28.9
Document 187,1.1,3.5,44.1,5.1,9.8,19.8,15.1,1.7,Topic 2,44.1
Document 188,21.0,9.7,3.7,0.0,13.8,31.7,17.5,2.6,Topic 5,31.7
Document 189,12.4,21.8,11.9,0.2,13.8,9.2,6.8,23.9,Topic 7,23.9
Document 190,6.9,0.2,56.9,9.7,9.4,6.1,0.5,10.3,Topic 2,56.9
Document 191,0.4,9.8,18.0,6.9,1.9,21.7,9.3,32.1,Topic 7,32.1
Document 192,0.2,16.6,2.2,29.4,9.8,5.0,2.0,34.8,Topic 7,34.8
Document 193,24.4,19.6,1.0,8.0,1.7,18.1,4.3,22.9,Topic 0,24.4
Document 194,8.6,16.0,11.1,32.1,0.1,2.3,14.0,15.8,Topic 3,32.1
Document 195,8.7,4.2,13.0,0.2,13.9,8.0,51.7,0.3,Topic 6,51.7
Document 196,24.3,1.0,12.0,16.0,10.2,7.1,0.1,29.3,Topic 7,29.3
Document 197,11.9,6.6,7.3,4.6,4.3,34.6,14.7,15.9,Topic 5,34.6
Document 198,0.2,32.7,2.2,18.3,3.8,11.1,6.0,25.7,Topic 1,32.7
Document 199,30.5,14.5,9.3,5.2,1.7,6.8,15.8,16.2,Topic 0,30.5
Document 200,8.1,6.2,25.5,0.1,21.5,0.5,30.5,7.7,Topic 6,30.5
Document 201,0.2,9.5,3.9,2.2,27.3,34.1,2.3,20.4,Topic 5,34.1
Document 202,0.4,43.1,4.0,15.1,0.6,5.4,13.3,18.1,Topic 1,43.1
Document 203,2.4,45.9,3.5,1.0,30.0,2.2,14.3,0.6,Topic 1,45.9
Document 204,19.2,40.3,0.9,1.5,9.5,2.6,2.1,23.9,Topic 1,40.3
Document 205,10.5,18.9,7.3,0.4,16.1,12.5,33.0,1.3,Topic 6,33.0
Document 206,3.1,43.4,12.1,20.3,0.6,0.6,10.9,9.0,Topic 1,43.4
Document 207,17.5,8.7,18.0,2.2,8.9,37.8,0.2,6.7,Topic 5,37.8
Document 208,3.5,13.3,2.1,20.0,1.7,0.1,35.7,23.7,Topic 6,35.7
Document 209,1.2,8.7,6.7,43.7,9.2,2.7,22.3,5.4,Topic 3,43.7
Document 210,32.1,17.0,7.5,8.4,8.4,8.3,15.3,3.0,Topic 0,32.1
Document 211,11.5,2.9,9.6,5.5,1.9,53.5,3.5,11.6,Topic 5,53.5
Document 212,1.6,2.5,26.6,15.1,26.7,4.3,18.8,4.3,Topic 4,26.7
Document 213,2.9,9.9,0.7,3.7,24.1,39.8,9.0,9.9,Topic 5,39.8
Document 214,17.0,0.1,14.0,3.7,9.7,4.1,48.2,3.2,Topic 6,48.2
Document 215,2.6,20.8,6.3,22.4,17.9,8.9,4.8,16.3,Topic 3,22.4
Document 216,7.0,43.2,3.9,7.7,7.0,5.8,14.9,10.4,Topic 1,43.2
Document 217,10.2,21.8,13.7,7.2,8.1,27.5,11.1,0.6,Topic 5,27.5
Document 218,9.7,0.2,3.0,14.8,20.7,20.4,11.9,19.3,Topic 4,20.7
Document 219,4.3,7.8,0.2,53.6,2.8,7.3,2.1,22.0,Topic 3,53.6
Document 220,51.0,8.0,7.4,4.1,13.8,0.2,2.9,12.5,Topic 0,51.0
Document 221,34.0,2.8,11.5,11.3,3.1,11.8,8.8,16.7,Topic 0,34.0
Document 222,9.1,3.9,16.3,39.4,0.6,4.0,3.5,23.0,Topic 3,39.4
Document 223,6.5,60.8,8.7,0.5,8.5,1.6,4.0,9.5,Topic 1,60.8
Document 224,10.5,9.4,7.4,20.8,3.0,18.7,7.0,23.2,Topic 7,23.2
Document 225,2.2,0.1,8.8,8.4,0.1,17.3,62.4,0.7,Topic 6,62.4
Document 226,6.5,11.4,0.8,11.6,13.1,52.3,0.2,4.1,Topic 5,52.3
Document 227,42.9,7.8,2.0,17.2,18.3,1.6,0.6,9.5,Topic 0,42.9
Document 228,4.4,20.2,0.2,0.7,25.2,13.9,29.7,5.7,Topic 6,29.7
Document 229,7.6,28.7,0.3,3.2,21.3,9.9,11.8,17.2,Topic 1,28.7
Document 230,11.0,40.0,10.9,0.8,2.2,13.4,0.2,21.5,Topic 1,40.0
Document 231,2.8,5.7,8.1,19.3,16.4,18.5,0.1,29.1,Topic 7,29.1
Document 232,1.3,4.7,23.3,0.3,21.2,39.6,4.4,5.2,Topic 5,39.6
Document 233,1.1,3.2,23.7,43.4,2.3,9.7,3.5,13.2,Topic 3,43.4
Document 234,13.3,3.8,2.4,17.2,11.3,18.0,16.3,17.7,Topic 5,18.0
Document 235,4.2,6.5,20.4,1.3,8.7,48.7,2.6,7.6,Topic 5,48.7
Document 236,1.6,0.5,1.7,11.9,5.0,46.9,32.1,0.3,Topic 5,46.9
Document 237,48.5,12.4,0.2,0.4,13.9,3.0,13.6,8.0,Topic 0,48.5
Document 238,2.7,5.7,1.1,15.0,1.9,2.7,17.5,53.3,Topic 7,53.3
Document 239,8.1,6.7,3.5,36.9,12.3,28.1,1.9,2.5,Topic 3,36.9
Document 240,11.2,5.5,9.5,0.4,16.9,27.9,14.1,14.4,Topic 5,27.9
Document 241,16.2,12.9,10.8,2.1,16.2,11.7,18.6,11.3,Topic 6,18.6
Document 242,42.5,2.4,11.5,0.1,11.0,14.1,0.1,18.4,Topic 0,42.5
Document 243,4.7,31.3,14.4,21.4,6.9,20.3,0.4,0.5,Topic 1,31.3
Document 244,0.1,7.1,40.3,7.8,12.8,17.8,13.1,1.0,Topic 2,40.3
Document 245,6.9,42.2,1.7,14.0,2.9,5.1,5.9,21.4,Topic 1,42.2
Document 246,6.6,0.2,0.0,20.2,4.1,0.2,0.1,68.6,Topic 7,68.6
Document 247,0.6,12.1,7.7,40.0,9.4,3.7,5.5,21.1,Topic 3,40.0
Document 248,24.0,1.0,1.7,32.1,1.4,10.7,12.4,16.8,Topic 3,32.1
Document 249,0.2,18.3,0.1,54.1,4.6,0.0,5.0,17.7,Topic 3,54.1
Document 250,9.0,12.5,1.6,15.7,31.7,3.7,1.5,24.3,Topic 4,31.7
Document 251,1.3,13.3,9.3,47.7,8.6,1.7,1.3,16.9,Topic 3,47.7
Document 252,5.0,23.2,0.8,14.0,16.5,6.5,6.7,27.3,Topic 7,27.3
Document 253,1.5,10.3,4.4,9.6,22.1,31.6,4.7,16.0,Topic 5,31.6
Document 254,11.0,27.3,27.0,1.2,3.1,7.7,20.6,2.1,Topic 1,27.3
Document 255,54.7,3.3,9.2,1.7,8.3,6.3,5.0,11.6,Topic 0,54.7
Document 256,30.3,13.8,5.1,0.9,2.8,32.3,5.4,9.3,Topic 5,32.3
Document 257,23.9,18.5,5.7,30.4,10.4,0.5,0.6,9.9,Topic 3,30.4
Document 258,19.6,12.8,0.8,1.7,14.5,46.4,0.1,4.1,Topic 5,46.4
Document 259,27.0,7.4,0.3,11.3,6.9,9.3,0.0,37.8,Topic 7,37.8
Document 260,6.1,30.8,7.7,2.9,9.1,21.2,18.5,3.8,Topic 1,30.8
Document 261,13.3,3.2,24.9,4.1,7.1,2.4,29.6,15.2,Topic 6,29.6
Document 262,10.6,6.8,2.8,26.9,16.0,0.9,17.9,18.1,Topic 3,26.9
Document 263,1.9,0.2,55.5,0.3,25.6,5.3,3.7,7.4,Topic 2,55.5
Document 264,9.6,32.1,8.1,17.0,8.0,1.4,16.8,7.1,Topic 1,32.1
Document 265,0.5,12.6,0.9,16.5,13.6,0.2,15.6,40.0,Topic 7,40.0
Document 266,16.2,7.9,1.7,47.0,4.9,0.4,3.4,18.5,Topic 3,47.0
Document 267,44.1,0.4,3.2,16.2,18.2,4.5,0.8,12.5,Topic 0,44.1
Document 268,0.3,3.2,12.0,5.2,13.3,28.2,23.7,14.0,Topic 5,28.2
Document 269,10.8,54.3,3.8,12.8,1.6,9.4,4.9,2.3,Topic 1,54.3
Document 270,24.0,7.5,15.1,3.7,14.0,3.7,10.9,21.1,Topic 0,24.0
Document 271,4.6,2.5,3.2,11.3,12.1,2.5,22.0,41.9,Topic 7,41.9
Document 272,16.8,10.6,0.3,14.9,25.7,5.9,1.5,24.4,Topic 4,25.7
Document 273,8.8,12.1,5.3,11.0,17.6,20.8,21.0,3.4,Topic 6,21.0
Document 274,6.9,42.8,1.9,0.9,19.3,0.8,20.7,6.7,Topic 1,42.8
Document 275,0.6,15.8,6.1,16.8,5.6,0.3,33.4,21.4,Topic 6,33.4
Document 276,0.2,2.3,8.2,21.8,14.4,4.9,9.1,39.2,Topic 7,39.2
Document 277,5.2,6.8,6.2,34.8,9.2,4.0,14.0,19.8,Topic 3,34.8
Document 278,32.0,24.2,10.6,1.7,8.6,10.6,12.1,0.2,Topic 0,32.0
Document 279,5.7,29.6,0.3,1.5,13.4,18.1,11.4,19.9,Topic 1,29.6
Document 280,12.2,3.6,10.2,11.0,6.2,7.9,18.1,30.8,Topic 7,30.8
Document 281,1.2,8.9,12.4,20.7,9.9,16.8,5.7,24.5,Topic 7,24.5
Document 282,1.0,45.7,4.2,14.0,10.5,5.0,19.3,0.3,Topic 1,45.7
Document 283,36.0,0.1,19.7,2.5,2.3,9.3,0.4,29.6,Topic 0,36.0
Document 284,22.0,38.5,12.0,9.0,0.2,0.5,9.8,7.9,Topic 1,38.5
Document 285,9.1,8.8,4.7,47.5,4.9,0.2,0.1,24.7,Topic 3,47.5
Document 286,5.3,18.7,2.7,47.8,0.8,19.6,4.5,0.6,Topic 3,47.8
Document 287,21.9,3.0,6.8,16.0,24.7,1.5,0.9,25.3,Topic 7,25.3
Document 288,4.0,7.7,0.9,16.9,8.2,50.3,0.1,11.8,Topic 5,50.3
Document 289,0.8,18.5,17.9,6.8,1.8,2.1,44.8,7.2,Topic 6,44.8
Document 290,8.3,3.5,0.5,6.0,11.4,41.9,0.8,27.6,Topic 5,41.9
Document 291,1.8,4.4,34.9,2.6,13.5,14.8,22.0,5.9,Topic 2,34.9
Document 292,0.1,25.3,0.1,18.5,19.4,2.2,5.3,29.1,Topic 7,29.1
Document 293,6.2,10.8,6.8,55.7,3.7,2.0,2.2,12.7,Topic 3,55.7
Document 294,2.0,1.7,0.2,9.3,53.7,1.1,0.3,31.6,Topic 4,53.7
Document 295,9.8,20.9,0.1,30.2,30.4,4.9,3.3,0.5,Topic 4,30.4
Document 296,4.3,5.1,0.1,9.0,21.7,47.2,6.5,6.1,Topic 5,47.2
Document 297,7.0,12.3,5.6,2.0,22.3,6.4,1.6,42.9,Topic 7,42.9
Document 298,6.7,1.8,0.2,62.9,11.6,3.8,3.6,9.3,Topic 3,62.9
Document 299,2.9,3.1,0.9,24.4,19.7,5.8,16.4,26.8,Topic 7,26.8
Document 300,0.4,13.7,1.4,5.0,39.1,23.2,8.1,9.1,Topic 4,39.1
Document 301,3.4,17.6,0.8,52.1,10.7,3.1,3.9,8.5,Topic 3,52.1
Document 302,4.7,17.0,0.1,10.3,24.0,24.1,0.4,19.5,Topic 5,24.1
Document 303,1.7,33.0,0.4,7.7,18.8,24.6,8.3,5.5,Topic 1,33.0
Document 304,0.4,32.4,12.0,3.6,26.3,4.5,0.6,20.1,Topic 1,32.4
Document 305,1.8,5.5,39.3,5.2,13.2,32.5,1.6,0.8,Topic 2,39.3
Document 306,21.8,14.1,10.5,0.1,32.2,0.4,0.1,20.7,Topic 4,32.2
Document 307,4.7,7.2,0.5,9.5,33.4,22.0,3.6,18.9,Topic 4,33.4
Document 308,1.8,20.1,0.3,0.4,13.3,0.1,3.6,60.3,Topic 7,60.3
Document 309,2.9,0.3,1.0,10.9,3.2,63.8,0.1,17.8,Topic 5,63.8
Document 310,16.8,8.0,18.1,0.8,13.0,20.0,10.7,12.7,Topic 5,20.0
Document 311,1.4,18.5,9.0,8.9,9.8,0.4,48.5,3.5,Topic 6,48.5
Document 312,6.5,37.7,9.0,3.2,5.0,19.0,13.2,6.4,Topic 1,37.7
Document 313,0.5,30.0,14.5,17.2,8.1,3.5,0.5,25.7,Topic 1,30.0
Document 314,4.5,10.4,0.7,35.1,7.8,0.5,2.7,38.4,Topic 7,38.4
Document 315,8.1,21.8,3.6,32.1,4.1,0.2,8.2,21.9,Topic 3,32.1
Document 316,9.7,30.3,3.3,0.1,6.6,1.3,48.3,0.5,Topic 6,48.3
Document 317,0.6,13.6,5.0,20.1,19.7,10.9,13.4,16.7,Topic 3,20.1
Document 318,5.7,5.7,0.2,21.2,9.9,42.3,7.8,7.2,Topic 5,42.3
Document 319,10.0,0.5,2.6,24.3,9.7,30.3,1.7,20.9,Topic 5,30.3
Document 320,5.4,29.6,0.1,12.2,0.2,5.0,38.6,8.9,Topic 6,38.6
Document 321,55.5,3.9,8.1,0.2,4.2,9.4,15.9,2.9,Topic 0,55.5
Document 322,0.1,10.8,15.0,3.4,9.5,50.3,0.0,10.8,Topic 5,50.3
Document 323,0.1,2.1,9.3,4.4,17.8,49.1,0.7,16.6,Topic 5,49.1
Document 324,5.2,4.5,0.6,1.6,0.1,38.0,49.6,0.5,Topic 6,49.6
Document 325,26.2,0.0,21.4,25.0,9.9,9.5,6.7,1.3,Topic 0,26.2
Document 326,3.7,8.2,13.8,3.9,1.2,5.7,7.4,56.1,Topic 7,56.1
Document 327,2.8,19.8,8.9,0.2,1.5,20.1,40.5,6.2,Topic 6,40.5
Document 328,3.0,9.8,10.5,8.0,17.3,25.2,25.0,1.2,Topic 5,25.2
Document 329,0.9,1.8,3.4,33.5,7.1,3.3,5.6,44.3,Topic 7,44.3
Document 330,2.0,42.0,12.7,0.1,20.4,5.6,16.9,0.1,Topic 1,42.0
Document 331,9.0,4.0,27.8,21.1,16.4,0.5,12.5,8.7,Topic 2,27.8
Document 332,15.2,17.5,0.1,17.7,13.0,7.5,12.0,16.9,Topic 3,17.7
Document 333,21.1,17.4,1.9,17.8,6.7,0.1,17.8,17.4,Topic 0,21.1
Document 334,4.8,13.6,23.0,25.7,2.3,4.6,0.5,25.6,Topic 3,25.7
Document 335,17.7,10.0,7.2,14.9,32.4,13.7,0.1,3.9,Topic 4,32.4
Document 336,3.4,0.3,4.6,27.6,11.2,22.8,9.2,20.8,Topic 3,27.6
Document 337,10.3,4.9,6.8,0.1,8.2,0.3,65.2,4.3,Topic 6,65.2
Document 338,3.5,42.4,19.3,0.8,4.3,2.3,19.1,8.3,Topic 1,42.4
Document 339,2.1,23.6,28.9,0.1,24.6,7.4,3.6,9.7,Topic 2,28.9
Document 340,1.0,27.0,7.4,0.3,21.9,14.9,18.9,8.6,Topic 1,27.0
Document 341,3.5,5.9,4.8,5.2,9.9,4.6,46.5,19.6,Topic 6,46.5
Document 342,54.0,5.2,6.9,2.7,16.2,6.0,7.7,1.3,Topic 0,54.0
Document 343,31.0,16.8,2.6,0.5,10.4,32.3,0.1,6.4,Topic 5,32.3
Document 344,16.3,11.4,4.9,8.5,13.0,21.0,6.5,18.4,Topic 5,21.0
Document 345,0.3,30.0,1.5,11.3,17.0,21.0,11.8,7.0,Topic 1,30.0
Document 346,16.6,7.9,4.0,30.4,6.5,14.0,5.3,15.4,Topic 3,30.4
Document 347,42.2,9.4,7.5,17.0,11.7,1.9,2.3,7.9,Topic 0,42.2
Document 348,18.0,5.3,15.6,0.2,25.7,14.1,10.0,11.1,Topic 4,25.7
Document 349,15.2,9.3,2.9,6.3,19.1,12.4,9.0,25.7,Topic 7,25.7
Document 350,3.3,1.5,3.4,39.6,2.7,38.2,0.2,11.0,Topic 3,39.6
Document 351,5.4,12.6,8.4,1.3,7.5,49.5,6.1,9.1,Topic 5,49.5
Document 352,7.3,20.1,0.0,27.6,0.6,0.5,22.3,21.7,Topic 3,27.6
Document 353,31.8,12.0,19.1,5.6,3.5,25.3,1.9,0.7,Topic 0,31.8
Document 354,13.7,1.9,0.4,6.1,1.1,46.6,1.0,29.1,Topic 5,46.6
Document 355,0.1,27.4,27.4,0.1,9.0,0.1,26.9,9.1,Topic 1,27.4
Document 356,67.9,2.2,9.8,7.3,4.8,4.2,0.5,3.2,Topic 0,67.9
Document 357,8.2,6.9,32.8,9.8,8.6,14.8,17.0,2.0,Topic 2,32.8
Document 358,12.7,33.9,4.5,11.7,7.1,10.7,6.0,13.4,Topic 1,33.9
Document 359,8.0,39.8,0.4,21.6,12.0,1.4,2.0,14.8,Topic 1,39.8
Document 360,2.3,30.2,5.9,0.5,2.9,32.2,18.1,7.9,Topic 5,32.2
Document 361,9.9,11.9,0.1,16.3,30.7,0.4,1.2,29.6,Topic 4,30.7
Document 362,19.6,2.2,2.4,10.9,17.5,15.6,13.9,17.8,Topic 0,19.6
Document 363,1.2,6.6,6.1,2.8,15.9,16.1,6.3,45.1,Topic 7,45.1
Document 364,0.2,0.6,18.5,8.4,7.2,43.7,14.9,6.6,Topic 5,43.7
Document 365,22.0,8.2,36.4,0.5,4.8,7.3,3.3,17.6,Topic 2,36.4
Document 366,0.0,12.6,0.1,27.8,2.6,1.0,6.9,49.0,Topic 7,49.0
Document 367,12.0,5.2,0.6,22.4,23.2,6.1,0.2,30.3,Topic 7,30.3
Document 368,16.7,4.4,3.8,20.7,18.9,23.3,4.0,8.2,Topic 5,23.3
Document 369,8.7,2.0,1.1,24.5,5.2,10.6,2.8,45.0,Topic 7,45.0
Document 370,9.7,4.9,17.8,18.1,2.9,15.1,1.8,29.5,Topic 7,29.5
Document 371,2.3,3.4,38.8,25.2,7.9,8.3,7.8,6.3,Topic 2,38.8
Document 372,3.9,14.5,6.2,28.8,5.3,5.8,23.0,12.4,Topic 3,28.8
Document 373,6.2,5.6,4.6,29.6,14.0,1.6,1.5,36.9,Topic 7,36.9
Document 374,10.7,37.6,2.1,9.9,16.0,8.9,5.3,9.4,Topic 1,37.6
Document 375,0.0,9.6,16.8,57.2,1.3,2.5,3.7,9.0,Topic 3,57.2
Document 376,7.8,1.6,4.6,13.7,37.1,7.4,21.7,6.1,Topic 4,37.1
Document 377,3.6,7.6,10.0,8.6,6.3,4.1,39.9,19.9,Topic 6,39.9
Document 378,0.0,10.8,37.0,0.1,26.5,0.6,17.7,7.2,Topic 2,37.0
Document 379,7.5,27.4,12.2,16.6,15.9,2.0,4.8,13.6,Topic 1,27.4
Document 380,0.2,11.9,5.3,3.7,38.2,25.2,2.4,13.1,Topic 4,38.2
Document 381,7.6,14.6,19.9,15.5,5.0,0.1,11.0,26.3,Topic 7,26.3
Document 382,12.7,0.6,0.1,13.2,1.3,17.0,7.5,47.7,Topic 7,47.7
Document 383,1.6,6.5,27.1,18.9,16.9,4.9,0.1,24.0,Topic 2,27.1
Document 384,21.2,7.9,38.4,6.6,4.4,1.0,1.4,19.2,Topic 2,38.4
Document 385,9.3,36.0,0.2,14.5,0.8,1.8,18.0,19.4,Topic 1,36.0
Document 386,3.1,8.8,0.3,16.6,4.9,5.4,0.0,61.0,Topic 7,61.0
Document 387,35.0,4.0,4.1,27.4,14.0,6.2,6.2,3.0,Topic 0,35.0
Document 388,10.3,27.6,0.3,6.1,8.7,0.8,36.3,9.8,Topic 6,36.3
Document 389,9.7,1.8,6.9,5.2,25.2,7.4,11.0,32.8,Topic 7,32.8
Document 390,0.2,0.7,14.7,26.8,10.4,2.8,9.3,35.2,Topic 7,35.2
Document 391,10.3,23.7,6.8,21.3,0.5,4.6,4.2,28.5,Topic 7,28.5
Document 392,2.8,4.1,6.8,0.5,2.0,29.3,54.1,0.4,Topic 6,54.1
Document 393,0.2,13.7,11.0,10.2,11.2,22.2,4.0,27.5,Topic 7,27.5
Document 394,5.8,20.8,0.2,11.4,5.7,1.4,6.6,48.2,Topic 7,48.2
Document 395,3.2,16.3,27.8,20.2,3.9,7.8,1.3,19.3,Topic 2,27.8
Document 396,3.1,26.0,3.7,4.7,6.3,43.7,7.9,4.7,Topic 5,43.7
Document 397,2.5,0.3,27.0,11.0,12.1,26.2,0.2,20.8,Topic 2,27.0
Document 398,2.8,3.7,8.1,48.7,3.1,1.4,3.4,28.9,Topic 3,48.7
Document 399,9.2,8.3,5.7,25.4,14.8,6.9,7.3,22.5,Topic 3,25.4
Document 400,0.9,13.4,2.1,38.3,21.4,0.4,5.5,18.1,Topic 3,38.3
Document 401,11.1,11.6,23.1,18.4,5.3,9.5,1.1,20.0,Topic 2,23.1
Document 402,1.7,3.2,9.1,38.4,1.9,4.8,11.9,29.1,Topic 3,38.4
Document 403,0.3,4.6,1.5,24.4,6.4,0.1,8.1,54.6,Topic 7,54.6
Document 404,15.2,8.2,4.5,18.2,8.6,12.1,9.4,23.7,Topic 7,23.7
Document 405,4.5,4.3,0.1,14.9,24.7,31.9,6.4,13.2,Topic 5,31.9
Document 406,10.5,12.8,18.1,0.2,11.0,20.8,22.0,4.6,Topic 6,22.0
Document 407,0.2,0.7,5.3,36.7,19.5,12.5,1.3,24.0,Topic 3,36.7
Document 408,0.5,1.5,8.7,50.6,18.9,3.9,0.8,15.2,Topic 3,50.6
Document 409,15.1,10.1,0.2,33.0,10.6,0.3,21.5,9.3,Topic 3,33.0
Document 410,4.3,5.7,17.7,19.5,13.7,18.2,1.7,19.1,Topic 3,19.5
Document 411,5.4,1.9,17.9,10.0,0.1,15.0,20.2,29.5,Topic 7,29.5
Document 412,27.8,1.1,14.3,0.7,6.1,22.8,19.9,7.5,Topic 0,27.8
Document 413,16.2,3.4,0.4,9.6,9.3,16.3,1.9,42.8,Topic 7,42.8
Document 414,24.9,9.5,14.4,13.9,4.6,27.6,4.9,0.3,Topic 5,27.6
Document 415,4.4,33.4,4.6,11.4,21.1,7.2,1.3,16.7,Topic 1,33.4
Document 416,3.6,8.3,5.1,9.1,1.8,60.7,0.9,10.5,Topic 5,60.7
Document 417,5.5,41.5,32.7,3.0,7.8,2.6,3.7,3.2,Topic 1,41.5
Document 418,18.9,15.6,0.4,20.4,8.1,22.3,0.5,13.8,Topic 5,22.3
Document 419,0.1,9.7,1.0,23.5,2.1,45.0,0.7,17.9,Topic 5,45.0
Document 420,16.1,6.9,8.4,7.4,10.6,30.7,2.3,17.6,Topic 5,30.7
Document 421,2.2,17.5,9.5,34.0,20.7,0.4,3.0,12.7,Topic 3,34.0
Document 422,0.2,10.2,0.4,20.6,8.7,39.6,6.8,13.6,Topic 5,39.6
Document 423,1.7,7.0,11.9,21.2,2.2,39.0,0.5,16.5,Topic 5,39.0
Document 424,3.6,16.4,15.7,11.0,22.7,13.7,0.5,16.3,Topic 4,22.7
Document 425,0.0,25.1,55.3,2.3,8.9,5.9,0.2,2.2,Topic 2,55.3
Document 426,35.9,18.1,0.3,19.9,6.3,12.7,1.7,5.0,Topic 0,35.9
Document 427,12.8,6.8,7.2,7.6,1.9,2.7,52.3,8.6,Topic 6,52.3
Document 428,0.0,13.4,37.1,11.0,4.9,20.1,10.4,3.1,Topic 2,37.1
Document 429,10.7,3.7,2.9,8.3,31.2,16.5,9.2,17.6,Topic 4,31.2
Document 430,6.6,25.1,2.6,21.0,0.2,0.4,18.4,25.6,Topic 7,25.6
Document 431,0.1,39.7,23.2,0.1,34.5,0.1,2.2,0.1,Topic 1,39.7
Document 432,0.2,0.0,7.9,10.8,12.5,65.5,0.3,2.7,Topic 5,65.5
Document 433,3.7,7.0,4.5,2.6,29.1,36.6,7.2,9.2,Topic 5,36.6
Document 434,4.6,1.5,13.7,11.0,26.2,5.0,0.1,37.7,Topic 7,37.7
Document 435,27.7,1.4,4.2,21.0,11.3,0.7,0.9,32.7,Topic 7,32.7
Document 436,3.3,24.2,8.2,5.6,0.3,47.9,2.3,8.3,Topic 5,47.9
Document 437,0.6,10.4,6.1,0.2,0.3,27.1,55.2,0.1,Topic 6,55.2
Document 438,25.3,9.9,13.0,9.8,15.8,0.2,8.3,17.6,Topic 0,25.3
Document 439,17.2,11.7,4.9,28.6,29.5,0.1,2.7,5.3,Topic 4,29.5
Document 440,12.9,16.2,19.3,6.4,20.1,4.7,17.9,2.6,Topic 4,20.1
Document 441,9.7,19.6,8.1,40.1,10.1,0.4,4.9,7.2,Topic 3,40.1
Document 442,4.3,2.5,11.6,6.7,15.0,33.7,1.4,24.9,Topic 5,33.7
Document 443,33.3,0.2,11.4,0.1,9.9,44.9,0.2,0.1,Topic 5,44.9
Document 444,7.9,10.4,1.8,17.6,26.1,3.1,3.5,29.7,Topic 7,29.7
Document 445,1.9,33.3,3.8,1.3,12.9,26.2,9.5,11.1,Topic 1,33.3
Document 446,0.3,15.1,51.1,24.8,0.8,7.5,0.0,0.5,Topic 2,51.1
Document 447,5.5,0.0,5.5,74.2,0.7,5.8,1.6,6.7,Topic 3,74.2
Document 448,3.0,2.5,25.6,16.8,38.9,0.4,3.4,9.4,Topic 4,38.9
Document 449,4.7,30.5,0.2,3.2,29.1,2.8,7.4,22.1,Topic 1,30.5
Document 450,0.9,45.6,0.7,6.9,6.4,20.2,8.2,11.1,Topic 1,45.6
Document 451,10.2,24.1,29.4,0.4,13.4,0.2,13.8,8.4,Topic 2,29.4
Document 452,0.4,35.0,28.4,0.1,14.3,12.6,9.2,0.0,Topic 1,35.0
Document 453,6.8,11.3,2.7,0.4,11.2,5.6,58.5,3.4,Topic 6,58.5
Document 454,5.9,10.8,3.6,0.0,1.1,0.4,68.6,9.7,Topic 6,68.6
Document 455,5.7,23.3,10.0,21.3,25.6,2.6,4.1,7.4,Topic 4,25.6
Document 456,0.3,29.6,0.1,6.7,12.6,0.6,29.6,20.4,Topic 1,29.6
Document 457,6.5,1.0,7.3,5.3,10.4,14.9,8.4,46.4,Topic 7,46.4
Document 458,1.8,11.2,49.7,0.5,6.4,3.7,16.3,10.5,Topic 2,49.7
Document 459,1.4,4.5,8.1,19.2,11.2,6.9,11.6,37.1,Topic 7,37.1
Document 460,48.9,2.2,15.2,5.6,8.3,1.5,1.7,16.5,Topic 0,48.9
Document 461,11.2,16.1,9.9,10.8,8.6,5.0,32.4,6.0,Topic 6,32.4
Document 462,31.5,1.7,5.5,5.8,0.2,27.0,6.0,22.3,Topic 0,31.5
Document 463,30.7,6.9,13.2,6.0,12.9,1.4,10.9,18.1,Topic 0,30.7
Document 464,44.4,0.0,0.0,19.7,0.0,5.4,24.8,5.6,Topic 0,44.4
Document 465,0.8,21.9,2.8,33.6,11.7,6.6,1.6,21.0,Topic 3,33.6
Document 466,4.5,4.3,30.7,14.1,15.7,17.8,5.5,7.5,Topic 2,30.7
Document 467,5.0,3.9,18.9,42.3,12.5,0.6,2.0,14.7,Topic 3,42.3
Document 468,40.2,0.1,17.2,0.4,10.5,6.3,3.0,22.4,Topic 0,40.2
Document 469,1.5,17.3,7.7,12.6,43.3,2.3,8.1,7.4,Topic 4,43.3
Document 470,0.4,7.1,15.0,27.6,9.0,0.7,9.8,30.4,Topic 7,30.4
Document 471,6.9,22.9,2.3,24.0,4.6,5.0,10.6,23.7,Topic 3,24.0
Document 472,7.5,0.2,0.3,30.3,24.9,0.5,7.6,28.6,Topic 3,30.3
Document 473,0.1,37.8,4.0,19.4,0.4,25.5,9.5,3.3,Topic 1,37.8
Document 474,4.9,0.2,5.2,51.2,11.0,2.5,0.2,24.9,Topic 3,51.2
Document 475,5.8,9.2,0.1,45.9,2.6,3.0,1.4,31.9,Topic 3,45.9
Document 476,1.2,16.5,19.9,6.4,9.2,1.5,36.9,8.4,Topic 6,36.9
Document 477,3.7,8.5,18.2,3.0,0.2,9.7,46.8,9.8,Topic 6,46.8
Document 478,0.2,0.2,55.3,3.1,7.1,29.7,4.3,0.1,Topic 2,55.3
Document 479,0.1,3.5,1.3,41.9,0.5,0.9,0.6,51.3,Topic 7,51.3
Document 480,7.3,17.2,0.8,35.1,7.7,3.0,5.5,23.4,Topic 3,35.1
Document 481,28.0,17.8,17.4,9.1,9.7,13.1,4.6,0.2,Topic 0,28.0
Document 482,9.9,18.9,3.8,29.7,0.3,1.5,9.7,26.2,Topic 3,29.7
Document 483,1.6,5.7,1.9,24.6,16.6,21.5,6.5,21.7,Topic 3,24.6
Document 484,3.9,9.2,3.5,22.7,3.2,1.6,3.4,52.5,Topic 7,52.5
Document 485,2.4,23.0,10.4,14.9,4.5,9.4,10.2,25.3,Topic 7,25.3
Document 486,0.3,6.0,15.4,23.0,12.1,11.4,12.7,19.1,Topic 3,23.0
Document 487,7.8,9.5,41.3,2.4,10.1,2.4,18.4,8.0,Topic 2,41.3
Document 488,7.3,25.2,12.9,32.8,0.5,4.9,2.4,14.0,Topic 3,32.8
Document 489,28.8,26.1,12.0,6.8,2.0,2.5,1.8,20.0,Topic 0,28.8
Document 490,8.9,3.5,37.7,3.1,13.5,1.9,14.7,16.8,Topic 2,37.7
Document 491,17.0,0.8,38.6,14.3,13.2,14.9,1.1,0.1,Topic 2,38.6
Document 492,29.3,3.2,2.5,7.9,5.0,25.8,5.3,21.0,Topic 0,29.3
Document 493,17.5,7.5,38.7,11.0,10.8,10.1,1.7,2.7,Topic 2,38.7
Document 494,25.6,46.7,0.4,13.7,1.5,9.3,0.1,2.7,Topic 1,46.7
Document 495,16.4,1.4,2.1,29.8,0.6,11.4,16.7,21.8,Topic 3,29.8
Document 496,8.1,27.5,4.8,10.7,7.0,8.8,1.5,31.6,Topic 7,31.6
Document 497,22.9,2.3,22.4,0.1,6.9,11.8,19.7,13.9,Topic 0,22.9
Document 498,24.8,0.8,0.1,28.0,24.6,5.0,15.5,1.1,Topic 3,28.0
Document 499,12.1,31.6,2.0,5.8,6.1,23.2,0.8,18.5,Topic 1,31.6
Document 500,4.2,10.7,0.6,0.2,6.9,2.9,73.4,1.1,Topic 6,73.4
Document 501,4.6,0.1,2.6,47.2,6.5,14.4,0.2,24.4,Topic 3,47.2
Document 502,4.0,25.5,8.6,11.1,0.2,11.4,6.5,32.7,Topic 7,32.7
Document 503,48.5,0.2,0.3,0.2,0.2,50.2,0.2,0.2,Topic 5,50.2
Document 504,19.4,12.0,7.3,8.0,41.9,5.6,5.1,0.6,Topic 4,41.9
Document 505,13.7,7.0,10.4,15.3,11.4,13.7,0.1,28.4,Topic 7,28.4
Document 506,1.0,0.7,48.3,5.4,7.6,10.4,19.6,7.1,Topic 2,48.3
Document 507,0.9,16.1,5.6,5.7,24.4,3.5,37.2,6.5,Topic 6,37.2
Document 508,12.0,16.3,3.8,4.1,45.2,3.9,7.5,7.1,Topic 4,45.2
Document 509,14.5,3.6,4.7,4.2,0.7,57.1,0.2,15.0,Topic 5,57.1
Document 510,0.1,11.7,0.3,31.8,20.8,0.4,15.0,20.0,Topic 3,31.8
Document 511,0.7,10.9,47.2,7.2,5.8,6.1,12.8,9.4,Topic 2,47.2
Document 512,4.4,4.8,1.2,35.4,9.6,3.9,0.4,40.2,Topic 7,40.2
Document 513,11.8,12.8,16.8,7.4,14.7,0.7,1.5,34.4,Topic 7,34.4
Document 514,6.6,0.5,5.8,3.3,3.2,26.7,42.9,11.1,Topic 6,42.9
Document 515,27.7,3.2,0.8,19.0,0.5,8.6,38.9,1.4,Topic 6,38.9
Document 516,10.4,11.1,1.4,15.4,25.5,10.0,2.8,23.3,Topic 4,25.5
Document 517,41.7,7.4,1.5,2.2,15.8,8.6,9.8,13.0,Topic 0,41.7
Document 518,4.7,18.3,5.7,7.2,21.1,3.8,31.3,7.9,Topic 6,31.3
Document 519,10.6,34.7,6.7,3.4,10.7,22.0,4.3,7.6,Topic 1,34.7
Document 520,5.4,3.1,4.8,47.3,18.0,9.4,4.3,7.8,Topic 3,47.3
Document 521,1.1,1.1,7.9,56.5,0.0,3.9,8.4,21.1,Topic 3,56.5
Document 522,0.9,8.7,13.4,30.8,0.5,9.9,5.0,30.6,Topic 3,30.8
Document 523,1.8,11.8,4.8,18.2,32.8,13.7,0.0,16.8,Topic 4,32.8
Document 524,15.0,0.4,0.1,51.8,0.3,4.7,0.7,27.0,Topic 3,51.8
Document 525,0.3,0.2,0.5,0.1,0.5,4.7,80.9,12.7,Topic 6,80.9
Document 526,5.3,8.5,0.3,26.8,6.5,4.3,3.8,44.5,Topic 7,44.5
Document 527,1.5,1.3,20.8,25.5,12.5,8.0,18.7,11.8,Topic 3,25.5
Document 528,43.7,4.5,6.9,19.0,1.6,5.4,6.3,12.6,Topic 0,43.7
Document 529,10.8,22.1,4.9,18.6,13.9,16.5,1.6,11.7,Topic 1,22.1
Document 530,4.2,40.2,3.8,5.0,1.0,0.3,37.2,8.3,Topic 1,40.2
Document 531,19.0,5.9,5.0,2.5,7.0,24.3,1.6,34.8,Topic 7,34.8
Document 532,1.0,13.6,2.6,34.0,27.3,3.5,0.7,17.2,Topic 3,34.0
Document 533,5.5,12.0,7.0,20.0,15.9,27.0,5.1,7.5,Topic 5,27.0
Document 534,4.0,21.4,0.0,30.2,2.1,3.9,20.9,17.3,Topic 3,30.2
Document 535,17.8,34.8,13.3,11.9,12.4,2.6,6.9,0.3,Topic 1,34.8
Document 536,8.7,24.1,11.9,7.3,16.4,20.4,7.2,4.0,Topic 1,24.1
Document 537,5.4,1.9,2.5,9.4,26.5,4.4,4.0,45.9,Topic 7,45.9
Document 538,24.1,11.5,11.1,11.5,10.4,8.3,15.6,7.4,Topic 0,24.1
Document 539,12.1,20.2,8.7,17.4,2.1,1.9,19.9,17.6,Topic 1,20.2
Document 540,2.2,31.0,0.8,0.3,1.3,17.0,13.5,33.9,Topic 7,33.9
Document 541,0.1,0.7,14.1,34.9,5.9,12.5,1.7,30.2,Topic 3,34.9
Document 542,13.6,38.6,8.2,0.8,5.0,7.3,19.5,6.9,Topic 1,38.6
Document 543,29.4,6.5,1.0,26.5,9.5,15.9,0.1,11.0,Topic 0,29.4
Document 544,38.1,9.1,4.7,3.9,16.9,4.5,0.4,22.4,Topic 0,38.1
Document 545,17.1,15.4,0.1,2.6,3.6,18.9,23.8,18.6,Topic 6,23.8
Document 546,3.1,3.3,17.9,11.4,3.2,6.8,50.7,3.7,Topic 6,50.7
Document 547,10.5,8.8,44.3,3.5,7.9,0.2,2.6,22.0,Topic 2,44.3
Document 548,7.6,1.6,31.4,3.5,4.8,36.7,5.5,8.9,Topic 5,36.7
Document 549,8.9,7.2,1.5,13.4,0.7,18.2,9.6,40.6,Topic 7,40.6
Document 550,0.4,0.3,0.4,32.9,18.3,0.0,0.1,47.6,Topic 7,47.6
Document 551,0.2,0.5,0.1,1.4,25.2,61.0,0.3,11.3,Topic 5,61.0
Document 552,13.9,3.2,6.2,65.2,2.5,0.6,2.3,6.1,Topic 3,65.2
Document 553,4.5,4.1,1.7,39.4,5.6,1.0,3.3,40.4,Topic 7,40.4
Document 554,1.2,33.8,4.2,10.7,12.3,0.6,3.5,33.6,Topic 1,33.8
Document 555,4.3,4.1,0.9,42.1,3.8,28.0,3.2,13.4,Topic 3,42.1
Document 556,12.5,0.1,9.3,0.0,18.8,32.3,10.7,16.2,Topic 5,32.3
Document 557,6.4,0.8,1.8,39.2,0.4,1.1,21.8,28.4,Topic 3,39.2
Document 558,7.3,4.4,1.5,9.3,6.4,56.9,3.7,10.5,Topic 5,56.9
Document 559,3.3,27.2,21.3,2.2,6.8,11.2,18.9,9.1,Topic 1,27.2
Document 560,2.2,8.6,0.5,4.4,29.8,48.0,3.0,3.4,Topic 5,48.0
Document 561,12.6,0.4,20.6,2.4,15.6,36.8,11.5,0.0,Topic 5,36.8
Document 562,52.8,5.4,8.2,9.4,2.1,5.9,5.3,10.8,Topic 0,52.8
Document 563,37.5,0.4,4.0,15.3,4.1,17.5,3.8,17.4,Topic 0,37.5
Document 564,5.3,11.6,59.6,4.7,0.2,1.0,15.0,2.7,Topic 2,59.6
Document 565,0.0,6.3,5.4,1.3,1.6,4.2,78.3,2.8,Topic 6,78.3
Document 566,13.3,2.0,3.0,2.8,13.3,30.4,30.4,4.9,Topic 5,30.4
Document 567,3.7,52.1,2.7,2.7,1.3,13.4,2.2,21.7,Topic 1,52.1
Document 568,0.2,2.3,10.6,8.5,23.6,15.3,27.5,12.0,Topic 6,27.5
Document 569,13.8,3.7,29.1,5.6,0.9,8.5,11.9,26.5,Topic 2,29.1
Document 570,25.6,2.7,0.2,7.0,19.0,39.9,2.1,3.4,Topic 5,39.9
Document 571,39.5,10.5,1.8,13.2,13.2,2.1,0.1,19.6,Topic 0,39.5
Document 572,20.9,19.9,6.9,23.3,1.2,3.1,6.8,18.0,Topic 3,23.3
Document 573,2.9,6.4,7.9,1.6,18.7,14.3,35.0,13.1,Topic 6,35.0
Document 574,30.3,12.3,3.8,12.2,19.8,3.2,2.8,15.4,Topic 0,30.3
Document 575,5.4,38.3,5.9,1.1,0.4,11.1,30.7,7.2,Topic 1,38.3
Document 576,4.7,2.8,4.9,15.2,40.8,9.8,0.1,21.7,Topic 4,40.8
Document 577,5.4,47.0,1.1,6.2,0.6,0.3,13.8,25.6,Topic 1,47.0
Document 578,6.5,29.0,2.1,2.2,25.9,8.0,0.1,26.3,Topic 1,29.0
Document 579,17.0,6.9,1.0,11.7,12.0,5.7,20.2,25.5,Topic 7,25.5
Document 580,2.9,10.1,11.3,21.3,2.3,19.7,0.2,32.1,Topic 7,32.1
Document 581,0.7,8.4,7.6,16.3,6.8,3.2,4.7,52.2,Topic 7,52.2
Document 582,8.7,10.9,1.9,9.2,0.5,40.5,5.3,23.0,Topic 5,40.5
Document 583,4.8,34.7,9.2,3.4,18.4,3.9,8.7,16.8,Topic 1,34.7
Document 584,5.1,1.4,45.5,8.3,1.9,14.1,9.6,14.3,Topic 2,45.5
Document 585,0.3,3.4,20.4,18.4,13.4,26.0,3.6,14.5,Topic 5,26.0
Document 586,44.4,5.5,13.1,14.0,3.9,11.7,1.1,6.3,Topic 0,44.4
Document 587,3.0,28.2,10.4,3.9,14.7,3.9,10.1,25.8,Topic 1,28.2
Document 588,18.3,1.6,0.1,21.4,6.3,2.8,44.1,5.3,Topic 6,44.1
Document 589,15.7,5.0,18.9,29.7,1.4,3.0,0.2,26.0,Topic 3,29.7
Document 590,10.0,56.3,2.9,5.6,4.5,2.7,0.3,17.7,Topic 1,56.3
Document 591,0.1,16.3,0.8,41.3,14.7,0.9,0.1,25.8,Topic 3,41.3
Document 592,3.6,8.2,0.8,29.6,2.9,4.0,29.1,21.7,Topic 3,29.6
Document 593,2.5,17.8,3.8,2.5,27.9,18.2,8.8,18.7,Topic 4,27.9
Document 594,2.3,1.5,11.1,9.0,1.7,1.7,67.1,5.6,Topic 6,67.1
Document 595,18.0,3.3,24.3,11.0,6.7,0.6,6.3,29.7,Topic 7,29.7
Document 596,4.9,3.2,1.6,32.4,3.7,4.3,2.9,47.1,Topic 7,47.1
Document 597,15.6,12.9,20.4,8.5,20.9,8.1,5.2,8.3,Topic 4,20.9
Document 598,22.1,9.2,9.4,0.2,45.8,4.0,3.3,6.1,Topic 4,45.8
Document 599,8.4,17.9,13.3,0.5,29.1,12.4,15.2,3.2,Topic 4,29.1
Document 600,0.7,1.1,4.4,24.5,11.1,4.6,37.1,16.4,Topic 6,37.1
Document 601,7.4,3.9,8.3,9.9,33.3,17.8,4.5,14.9,Topic 4,33.3
Document 602,7.8,6.3,7.5,5.5,7.9,26.6,27.9,10.5,Topic 6,27.9
Document 603,3.8,19.7,8.6,14.5,3.7,16.8,17.9,14.9,Topic 1,19.7
Document 604,28.2,13.7,13.5,2.4,6.5,19.5,3.3,12.9,Topic 0,28.2
Document 605,3.6,22.4,5.3,17.0,4.0,10.3,1.1,36.3,Topic 7,36.3
Document 606,10.3,5.1,14.2,12.3,6.7,19.6,19.7,12.2,Topic 6,19.7
Document 607,1.8,8.9,13.7,16.7,28.0,10.6,1.0,19.3,Topic 4,28.0
Document 608,10.7,0.3,13.3,22.2,20.7,3.2,16.6,13.1,Topic 3,22.2
Document 609,30.6,6.6,4.8,20.1,7.4,5.6,3.5,21.5,Topic 0,30.6
Document 610,3.8,15.9,15.4,16.6,6.2,0.1,31.3,10.7,Topic 6,31.3
Document 611,13.3,47.9,8.6,8.9,7.4,10.3,0.1,3.5,Topic 1,47.9
Document 612,0.3,0.2,18.6,0.2,0.3,34.2,46.0,0.2,Topic 6,46.0
Document 613,1.9,3.9,0.3,22.3,20.3,16.2,0.4,34.9,Topic 7,34.9
Document 614,10.3,3.0,1.5,24.6,11.4,32.9,0.4,15.9,Topic 5,32.9
Document 615,8.6,10.0,6.6,6.4,10.5,3.8,11.3,42.7,Topic 7,42.7
Document 616,12.1,1.9,0.1,24.3,15.5,31.8,1.6,12.8,Topic 5,31.8
Document 617,0.3,38.1,2.9,12.1,3.2,19.7,4.6,19.2,Topic 1,38.1
Document 618,27.4,7.4,6.2,18.6,11.4,3.1,10.6,15.4,Topic 0,27.4
Document 619,4.0,16.7,13.7,1.2,0.1,10.7,50.5,3.0,Topic 6,50.5
Document 620,13.6,0.6,16.8,5.5,24.6,0.7,19.4,18.8,Topic 4,24.6
Document 621,14.4,0.3,22.7,3.3,10.7,19.2,19.5,9.8,Topic 2,22.7
Document 622,4.7,11.2,1.0,5.8,16.1,5.2,39.9,16.2,Topic 6,39.9
Document 623,6.5,20.9,2.9,1.6,32.7,3.7,5.5,26.3,Topic 4,32.7
Document 624,0.6,2.8,0.9,15.9,2.9,49.3,2.0,25.6,Topic 5,49.3
Document 625,11.9,14.0,2.5,15.9,7.8,1.1,15.9,30.9,Topic 7,30.9
Document 626,11.5,3.9,0.0,28.6,20.5,3.7,5.9,25.9,Topic 3,28.6
Document 627,3.7,28.9,4.4,23.4,2.3,6.4,11.9,19.0,Topic 1,28.9
Document 628,27.9,6.6,5.4,0.1,0.6,19.1,15.0,25.4,Topic 0,27.9
Document 629,14.4,8.8,44.5,12.4,0.1,5.3,2.5,12.1,Topic 2,44.5
Document 630,15.6,4.7,0.2,7.7,4.9,43.7,2.4,20.8,Topic 5,43.7
Document 631,7.5,1.2,2.4,47.8,5.0,2.7,4.5,28.9,Topic 3,47.8
Document 632,6.8,39.1,16.7,2.6,3.3,14.5,4.2,12.9,Topic 1,39.1
Document 633,10.2,27.6,0.2,10.1,8.0,2.2,0.2,41.5,Topic 7,41.5
Document 634,9.1,8.2,18.6,5.1,3.0,5.6,37.1,13.4,Topic 6,37.1
Document 635,0.1,44.5,33.4,0.2,0.9,11.8,5.9,3.3,Topic 1,44.5
Document 636,14.5,8.6,5.1,7.2,7.3,0.5,43.6,13.1,Topic 6,43.6
Document 637,3.4,2.4,1.9,30.7,0.9,1.8,2.4,56.6,Topic 7,56.6
Document 638,3.7,2.2,12.9,11.4,11.3,37.8,10.9,9.8,Topic 5,37.8
Document 639,2.2,3.0,6.4,19.1,10.7,15.0,1.0,42.6,Topic 7,42.6
Document 640,6.4,17.8,6.9,0.2,27.4,12.1,0.7,28.5,Topic 7,28.5
Document 641,53.8,18.3,3.4,5.2,4.5,7.6,3.1,4.1,Topic 0,53.8
Document 642,2.0,0.4,0.2,13.8,10.3,62.5,1.9,8.9,Topic 5,62.5
Document 643,11.4,0.5,1.5,7.6,33.7,21.1,4.8,19.4,Topic 4,33.7
Document 644,4.1,40.6,14.4,0.3,11.3,9.9,8.1,11.3,Topic 1,40.6
Document 645,1.6,4.7,5.3,21.0,32.4,0.1,9.0,25.9,Topic 4,32.4
Document 646,34.2,1.7,1.0,5.5,14.9,20.8,5.0,16.9,Topic 0,34.2
Document 647,3.2,8.3,35.0,13.2,24.3,6.6,8.9,0.4,Topic 2,35.0
Document 648,3.8,17.7,34.3,12.1,10.5,12.2,0.4,8.9,Topic 2,34.3
Document 649,7.0,5.8,23.5,27.6,9.2,3.2,0.9,22.7,Topic 3,27.6
Document 650,2.2,4.5,6.5,6.4,2.6,38.3,10.1,29.3,Topic 5,38.3
Document 651,21.8,0.8,13.2,36.1,0.6,3.2,7.2,17.1,Topic 3,36.1
Document 652,14.5,21.9,5.3,3.4,33.2,4.9,2.0,14.7,Topic 4,33.2
Document 653,10.0,36.7,4.8,1.1,17.6,0.3,5.8,23.6,Topic 1,36.7
Document 654,27.7,14.3,9.6,12.0,17.4,8.1,5.1,5.8,Topic 0,27.7
Document 655,3.0,38.8,9.1,5.6,10.8,4.8,9.0,18.9,Topic 1,38.8
Document 656,34.2,10.5,0.1,11.2,6.9,13.0,3.3,20.7,Topic 0,34.2
Document 657,7.2,13.9,9.8,8.1,15.3,20.9,14.5,10.3,Topic 5,20.9
Document 658,20.5,37.8,18.8,4.3,7.0,4.2,6.0,1.4,Topic 1,37.8
Document 659,6.1,35.2,8.0,10.8,2.4,24.3,9.5,3.8,Topic 1,35.2
Document 660,16.8,12.9,28.4,7.1,0.9,10.2,10.1,13.5,Topic 2,28.4
Document 661,4.7,6.6,6.8,6.3,2.2,57.0,3.7,12.8,Topic 5,57.0
Document 662,8.7,40.3,1.4,0.0,40.0,3.5,5.7,0.4,Topic 1,40.3
Document 663,21.1,39.0,3.2,26.2,0.4,3.0,0.5,6.6,Topic 1,39.0
Document 664,19.3,2.2,25.2,1.5,5.4,6.6,35.0,4.8,Topic 6,35.0
Document 665,1.1,6.0,2.2,9.2,26.0,38.7,7.7,9.1,Topic 5,38.7
Document 666,2.5,1.8,12.2,14.4,1.6,46.6,0.1,20.8,Topic 5,46.6
Document 667,18.6,3.5,24.6,15.8,7.7,3.4,18.9,7.5,Topic 2,24.6
Document 668,14.2,15.7,6.0,18.5,16.1,11.0,1.9,16.5,Topic 3,18.5
Document 669,1.2,23.0,17.1,0.8,29.6,0.6,12.8,14.9,Topic 4,29.6
Document 670,3.2,2.0,0.0,11.1,10.5,5.9,8.4,58.8,Topic 7,58.8
Document 671,8.0,1.5,33.9,15.9,6.0,17.7,3.8,13.1,Topic 2,33.9
Document 672,0.4,4.6,9.6,4.8,19.7,43.5,2.9,14.6,Topic 5,43.5
Document 673,0.3,56.4,1.4,0.8,3.2,2.9,28.4,6.6,Topic 1,56.4
Document 674,8.1,27.8,34.5,5.4,0.2,12.7,0.0,11.3,Topic 2,34.5
Document 675,2.3,3.9,3.7,5.3,6.9,48.0,16.5,13.6,Topic 5,48.0
Document 676,4.3,4.7,14.3,10.1,10.5,41.8,9.9,4.4,Topic 5,41.8
Document 677,21.1,6.8,11.3,24.5,0.2,2.5,19.0,14.5,Topic 3,24.5
Document 678,9.7,0.4,7.1,15.2,16.5,26.4,0.1,24.6,Topic 5,26.4
Document 679,2.8,43.9,3.5,0.4,10.7,17.8,13.3,7.5,Topic 1,43.9
Document 680,0.1,1.3,1.3,30.6,34.8,2.3,1.5,28.1,Topic 4,34.8
Document 681,0.2,6.6,7.7,5.3,18.8,43.3,7.4,10.7,Topic 5,43.3
Document 682,0.3,42.7,17.1,1.0,8.7,13.7,12.7,3.9,Topic 1,42.7
Document 683,1.8,19.8,15.5,16.9,8.7,8.1,5.6,23.6,Topic 7,23.6
Document 684,3.4,38.3,2.4,11.8,10.5,1.0,17.2,15.4,Topic 1,38.3
Document 685,0.4,48.8,0.6,0.1,0.2,0.1,49.7,0.1,Topic 6,49.7
Document 686,14.3,13.0,6.8,13.3,4.4,25.4,0.3,22.5,Topic 5,25.4
Document 687,10.9,15.1,3.3,17.4,22.5,10.9,0.0,19.8,Topic 4,22.5
Document 688,25.0,4.4,18.9,5.1,4.0,0.1,36.4,6.1,Topic 6,36.4
Document 689,5.9,9.6,11.4,4.4,31.1,4.1,20.4,13.1,Topic 4,31.1
Document 690,0.4,33.7,0.4,0.3,0.4,0.3,64.3,0.2,Topic 6,64.3
Document 691,31.9,9.6,9.4,20.8,8.7,14.6,0.4,4.6,Topic 0,31.9
Document 692,3.1,9.9,1.1,39.1,13.2,7.9,20.7,4.9,Topic 3,39.1
Document 693,0.0,7.0,0.4,27.4,51.4,7.7,0.7,5.3,Topic 4,51.4
Document 694,28.7,8.2,3.3,42.5,1.9,1.3,0.5,13.7,Topic 3,42.5
Document 695,12.4,2.8,2.9,6.9,3.5,59.4,11.5,0.8,Topic 5,59.4
Document 696,2.4,16.8,5.6,15.7,4.4,1.0,4.3,49.8,Topic 7,49.8
Document 697,10.8,2.1,11.3,1.0,12.5,4.6,44.6,13.1,Topic 6,44.6
Document 698,21.4,7.1,13.9,14.5,14.3,0.1,27.9,0.9,Topic 6,27.9
Document 699,0.3,0.2,0.5,0.1,0.5,4.7,80.9,12.7,Topic 6,80.9
Document 700,23.9,4.4,0.1,20.9,3.4,5.8,24.9,16.5,Topic 6,24.9
Document 701,13.9,1.7,30.0,6.5,11.2,15.9,8.1,12.5,Topic 2,30.0
Document 702,19.7,0.7,15.8,14.9,1.8,32.3,10.1,4.7,Topic 5,32.3
Document 703,3.3,29.6,2.9,6.5,36.5,17.7,2.5,1.0,Topic 4,36.5
Document 704,1.9,0.6,55.5,12.6,7.9,3.5,3.7,14.3,Topic 2,55.5
Document 705,56.2,0.2,7.1,3.3,6.1,0.3,5.8,21.0,Topic 0,56.2
Document 706,13.3,3.7,5.6,29.2,22.2,5.0,3.6,17.4,Topic 3,29.2
Document 707,37.6,3.7,31.0,8.5,4.0,7.6,3.6,4.1,Topic 0,37.6
Document 708,6.2,31.4,22.5,0.3,0.4,5.7,32.7,0.8,Topic 6,32.7
Document 709,0.6,4.7,39.3,11.5,5.7,13.8,9.9,14.6,Topic 2,39.3
Document 710,3.8,29.0,4.8,2.6,22.4,24.5,0.1,12.8,Topic 1,29.0
Document 711,12.3,9.4,4.1,14.9,5.4,8.5,27.2,18.3,Topic 6,27.2
Document 712,25.6,4.0,6.3,11.2,0.3,0.3,8.2,44.1,Topic 7,44.1
Document 713,7.8,11.0,4.9,0.0,0.8,37.5,34.0,4.0,Topic 5,37.5
Document 714,3.3,4.6,7.2,48.6,0.1,0.5,20.2,15.5,Topic 3,48.6
Document 715,5.5,26.0,8.1,40.7,4.7,5.2,5.2,4.5,Topic 3,40.7
Document 716,1.1,7.8,10.6,19.7,0.2,18.9,7.3,34.6,Topic 7,34.6
Document 717,8.1,13.2,4.1,21.8,1.2,2.6,1.0,47.9,Topic 7,47.9
Document 718,0.2,6.1,12.0,9.2,7.4,10.3,1.6,53.3,Topic 7,53.3
Document 719,4.1,33.9,22.7,7.2,1.2,3.8,12.2,15.0,Topic 1,33.9
Document 720,5.2,3.0,25.7,28.2,8.3,3.4,2.1,24.1,Topic 3,28.2
Document 721,24.0,9.9,2.3,10.7,6.5,6.3,23.8,16.4,Topic 0,24.0
Document 722,2.7,2.3,0.2,9.1,4.7,15.9,18.1,47.1,Topic 7,47.1
Document 723,8.0,4.7,1.1,26.8,19.1,5.7,5.3,29.3,Topic 7,29.3
Document 724,3.9,4.0,3.0,29.9,3.6,3.5,5.1,46.9,Topic 7,46.9
Document 725,0.1,4.5,2.4,8.8,0.5,3.4,43.0,37.4,Topic 6,43.0
Document 726,2.2,5.0,14.7,0.2,1.8,1.8,68.8,5.4,Topic 6,68.8
Document 727,19.5,0.3,2.1,23.8,7.1,0.1,22.3,24.7,Topic 7,24.7
Document 728,6.9,1.6,0.6,39.6,39.0,1.6,2.1,8.7,Topic 3,39.6
Document 729,5.6,0.3,26.4,43.5,11.2,2.4,1.4,9.4,Topic 3,43.5
Document 730,5.8,8.8,19.1,5.6,13.6,20.2,8.8,18.0,Topic 5,20.2
Document 731,7.1,1.5,47.8,5.0,25.2,5.1,0.0,8.3,Topic 2,47.8
Document 732,5.3,1.6,5.3,38.7,28.0,2.9,4.7,13.5,Topic 3,38.7
Document 733,0.3,49.7,15.6,0.1,11.6,7.9,0.3,14.4,Topic 1,49.7
Document 734,30.5,2.9,3.8,19.4,11.7,16.4,9.7,5.7,Topic 0,30.5
Document 735,2.7,17.1,1.1,7.9,41.1,1.2,0.0,28.9,Topic 4,41.1
Document 736,2.1,34.7,7.9,9.1,12.5,1.3,10.0,22.6,Topic 1,34.7
Document 737,9.5,9.5,35.7,11.3,8.3,7.8,3.6,14.4,Topic 2,35.7
Document 738,10.4,7.6,17.7,2.0,5.4,37.7,7.0,12.1,Topic 5,37.7
Document 739,0.5,31.7,5.0,12.0,0.1,0.6,43.5,6.7,Topic 6,43.5
Document 740,21.1,6.5,37.1,3.2,12.9,6.9,3.3,9.1,Topic 2,37.1
Document 741,1.0,2.9,3.3,5.2,4.3,45.4,0.2,37.7,Topic 5,45.4
Document 742,13.7,9.2,4.8,4.1,7.1,21.2,38.8,1.2,Topic 6,38.8
Document 743,11.0,5.6,27.1,5.5,18.2,25.6,0.3,6.7,Topic 2,27.1
Document 744,15.7,1.5,5.1,16.6,12.9,2.9,1.5,43.7,Topic 7,43.7
Document 745,16.0,4.0,35.4,3.4,10.2,23.1,0.2,7.7,Topic 2,35.4
Document 746,9.3,11.0,23.6,3.0,22.2,0.3,20.2,10.4,Topic 2,23.6
Document 747,1.3,26.2,5.0,23.1,0.1,0.8,2.9,40.5,Topic 7,40.5
Document 748,5.6,29.6,15.2,13.2,7.8,5.0,18.3,5.3,Topic 1,29.6
Document 749,2.2,11.3,0.1,29.1,7.6,2.2,0.9,46.6,Topic 7,46.6
Document 750,16.7,0.4,2.4,57.1,0.0,3.6,0.5,19.4,Topic 3,57.1
Document 751,1.3,23.5,0.7,10.7,4.2,17.6,0.4,41.8,Topic 7,41.8
Document 752,5.5,29.0,16.1,6.4,10.9,2.4,15.1,14.5,Topic 1,29.0
Document 753,0.4,0.8,4.3,6.5,15.3,0.9,41.5,30.3,Topic 6,41.5
Document 754,1.5,40.4,1.2,26.4,6.1,1.2,0.9,22.2,Topic 1,40.4
Document 755,40.9,4.7,4.1,6.0,7.5,20.3,1.2,15.2,Topic 0,40.9
Document 756,9.0,26.1,15.0,0.1,0.1,7.7,0.1,42.0,Topic 7,42.0
Document 757,1.7,6.3,6.8,6.6,43.1,34.9,0.3,0.1,Topic 4,43.1
Document 758,5.4,4.1,40.6,4.2,5.3,7.5,29.8,3.0,Topic 2,40.6
Document 759,1.4,49.9,5.9,0.1,15.2,7.9,2.6,17.0,Topic 1,49.9
Document 760,2.4,2.6,5.7,2.7,33.7,32.1,1.2,19.7,Topic 4,33.7
Document 761,11.2,13.3,0.5,13.3,16.7,34.2,4.5,6.4,Topic 5,34.2
Document 762,0.6,10.2,0.1,27.4,11.2,1.7,11.6,37.2,Topic 7,37.2
Document 763,24.1,20.6,0.2,10.9,16.1,10.6,2.0,15.5,Topic 0,24.1
Document 764,2.4,1.0,2.2,11.6,4.8,48.8,3.9,25.4,Topic 5,48.8
Document 765,0.3,0.5,8.7,9.2,16.0,15.8,49.4,0.1,Topic 6,49.4
Document 766,0.8,12.2,8.9,6.7,1.9,11.7,57.4,0.4,Topic 6,57.4
Document 767,12.1,2.2,38.0,10.3,0.1,22.8,14.4,0.1,Topic 2,38.0
Document 768,10.1,21.8,39.0,0.0,7.5,1.4,8.3,11.9,Topic 2,39.0
Document 769,0.0,0.0,38.2,0.5,1.4,47.2,12.7,0.0,Topic 5,47.2
Document 770,4.3,17.5,7.2,0.8,13.1,10.5,5.5,41.1,Topic 7,41.1
Document 771,6.3,27.8,0.4,6.5,6.2,18.6,9.7,24.5,Topic 1,27.8
Document 772,21.7,46.7,7.6,3.0,1.1,3.3,15.8,0.8,Topic 1,46.7
Document 773,7.3,36.8,7.0,11.4,3.9,3.0,14.5,16.2,Topic 1,36.8
Document 774,13.4,4.1,0.9,35.1,10.0,12.8,1.0,22.7,Topic 3,35.1
Document 775,4.8,1.5,22.7,13.4,26.8,11.9,1.4,17.5,Topic 4,26.8
Document 776,5.8,0.2,46.1,4.1,2.1,7.0,34.6,0.2,Topic 2,46.1
Document 777,12.9,21.7,13.8,4.0,15.4,3.3,21.8,7.2,Topic 6,21.8
Document 778,7.4,0.1,0.2,50.6,11.2,0.3,0.6,29.6,Topic 3,50.6
Document 779,10.6,0.9,0.0,9.1,12.5,50.3,10.1,6.6,Topic 5,50.3
Document 780,16.1,2.4,0.9,37.8,11.7,0.2,0.5,30.4,Topic 3,37.8
Document 781,24.3,10.3,44.1,2.4,12.7,1.3,2.1,2.9,Topic 2,44.1
Document 782,6.8,2.4,0.7,37.5,12.0,2.9,1.6,36.1,Topic 3,37.5
Document 783,6.6,32.3,14.4,10.0,6.8,27.2,0.5,2.2,Topic 1,32.3
Document 784,16.1,4.0,15.5,9.8,2.7,6.8,18.5,26.6,Topic 7,26.6
Document 785,3.0,5.3,29.2,24.5,4.9,22.4,3.2,7.6,Topic 2,29.2
Document 786,3.7,10.9,19.4,1.5,45.9,6.0,8.7,3.9,Topic 4,45.9
Document 787,6.9,3.8,2.0,15.3,39.8,28.5,0.4,3.2,Topic 4,39.8
Document 788,2.7,2.5,1.9,6.3,13.3,1.1,68.3,4.0,Topic 6,68.3
Document 789,1.7,9.5,0.1,26.8,21.8,0.2,10.2,29.6,Topic 7,29.6
Document 790,0.8,8.1,7.5,12.4,27.3,17.6,25.7,0.7,Topic 4,27.3
Document 791,31.9,9.4,1.0,14.3,24.1,0.3,10.9,8.1,Topic 0,31.9
Document 792,3.7,0.5,15.3,18.4,19.0,28.9,13.9,0.3,Topic 5,28.9
Document 793,4.1,15.1,9.6,8.8,17.3,10.6,21.0,13.4,Topic 6,21.0
Document 794,0.2,0.4,3.7,4.7,4.4,15.7,54.9,16.0,Topic 6,54.9
Document 795,8.3,12.3,15.3,8.6,1.1,47.4,2.2,4.7,Topic 5,47.4
Document 796,0.2,15.9,4.8,4.5,44.0,18.5,4.3,7.8,Topic 4,44.0
Document 797,40.3,17.5,3.6,6.7,0.4,21.7,4.8,4.9,Topic 0,40.3
Document 798,14.9,16.3,7.3,0.3,1.8,14.2,20.1,25.1,Topic 7,25.1
Document 799,11.1,2.9,18.1,12.6,4.6,42.9,0.5,7.3,Topic 5,42.9
Document 800,14.3,7.6,3.6,4.1,9.0,30.1,3.8,27.6,Topic 5,30.1
Document 801,1.5,26.4,4.9,19.7,19.0,4.1,5.3,19.1,Topic 1,26.4
Document 802,29.0,1.2,14.7,9.6,3.3,16.6,19.3,6.3,Topic 0,29.0
Document 803,2.6,3.4,38.1,13.8,16.8,18.2,0.6,6.6,Topic 2,38.1
Document 804,2.7,0.8,0.3,11.6,11.3,46.4,15.6,11.4,Topic 5,46.4
Document 805,10.7,35.6,0.4,2.0,9.3,3.0,3.4,35.6,Topic 1,35.6
Document 806,1.5,15.7,3.2,4.8,15.7,0.8,54.1,4.2,Topic 6,54.1
Document 807,2.1,4.8,9.3,6.5,0.1,44.8,3.7,28.8,Topic 5,44.8
Document 808,5.3,7.1,4.3,31.3,16.3,8.2,0.5,27.0,Topic 3,31.3
Document 809,5.3,2.7,1.4,53.9,1.9,5.1,4.2,25.4,Topic 3,53.9
Document 810,22.1,0.4,6.2,68.1,0.1,0.1,1.6,1.4,Topic 3,68.1
Document 811,21.6,18.4,2.8,30.0,2.2,5.5,5.9,13.6,Topic 3,30.0
Document 812,10.4,2.4,0.3,15.6,34.7,31.5,4.4,0.6,Topic 4,34.7
Document 813,5.6,8.2,19.5,1.1,13.5,7.1,38.1,6.9,Topic 6,38.1
Document 814,1.5,14.2,3.3,5.1,6.6,50.1,2.7,16.5,Topic 5,50.1
Document 815,0.3,16.1,17.8,12.9,1.3,36.0,15.2,0.3,Topic 5,36.0
Document 816,2.0,18.1,3.7,18.2,22.9,1.1,0.3,33.7,Topic 7,33.7
Document 817,4.8,8.2,20.2,2.1,3.6,51.3,3.5,6.2,Topic 5,51.3
Document 818,0.1,0.4,17.4,3.0,13.1,40.4,1.0,24.7,Topic 5,40.4
Document 819,2.0,17.5,0.0,15.8,15.4,0.3,4.7,44.2,Topic 7,44.2
Document 820,24.6,32.2,4.5,1.9,9.5,2.7,15.2,9.5,Topic 1,32.2
Document 821,8.3,1.8,19.5,0.6,1.0,14.0,51.4,3.5,Topic 6,51.4
Document 822,12.7,2.8,7.5,11.6,21.7,23.4,0.5,19.7,Topic 5,23.4
Document 823,18.7,4.4,25.4,13.0,1.0,2.6,15.3,19.5,Topic 2,25.4
Document 824,3.5,9.6,2.7,34.3,7.4,1.4,3.2,37.9,Topic 7,37.9
Document 825,13.5,2.8,8.2,13.4,4.6,5.3,42.9,9.4,Topic 6,42.9
Document 826,10.0,13.6,30.3,8.4,1.5,9.7,17.1,9.4,Topic 2,30.3
Document 827,2.6,20.0,16.0,2.5,6.0,9.0,35.4,8.4,Topic 6,35.4
Document 828,8.4,8.7,3.2,39.3,3.9,0.8,4.6,31.3,Topic 3,39.3
Document 829,22.2,1.1,4.4,7.9,5.2,13.0,13.6,32.7,Topic 7,32.7
Document 830,6.4,19.2,10.5,0.1,27.1,0.4,19.3,17.0,Topic 4,27.1
Document 831,27.0,15.5,8.0,35.3,6.8,1.2,2.4,3.8,Topic 3,35.3
Document 832,12.5,27.8,15.8,1.5,7.9,28.8,4.7,0.9,Topic 5,28.8
Document 833,10.8,3.3,2.7,3.6,7.9,19.0,49.5,3.2,Topic 6,49.5
Document 834,10.0,6.6,0.4,22.2,9.0,12.4,10.9,28.5,Topic 7,28.5
Document 835,10.9,36.8,8.5,1.4,7.4,7.6,8.7,18.7,Topic 1,36.8
Document 836,19.9,4.3,11.9,2.4,11.8,6.7,17.3,25.7,Topic 7,25.7
Document 837,3.3,25.3,0.1,24.3,16.5,15.9,7.9,6.8,Topic 1,25.3
Document 838,0.0,17.7,0.0,64.0,1.2,1.1,12.7,3.2,Topic 3,64.0
Document 839,12.6,27.7,29.8,2.4,7.3,1.4,9.5,9.3,Topic 2,29.8
Document 840,16.3,32.0,12.8,9.3,4.9,3.1,7.6,14.0,Topic 1,32.0
Document 841,0.3,1.7,0.4,27.4,0.5,35.5,29.8,4.3,Topic 5,35.5
Document 842,26.4,8.7,30.8,13.3,6.3,0.7,6.4,7.3,Topic 2,30.8
Document 843,6.7,7.8,26.0,7.1,10.2,20.4,13.0,8.8,Topic 2,26.0
Document 844,2.0,1.5,8.4,36.8,16.5,14.9,2.1,17.9,Topic 3,36.8
Document 845,5.8,15.3,7.2,20.2,0.5,5.5,0.1,45.4,Topic 7,45.4
Document 846,34.9,4.4,31.3,9.5,8.7,7.1,3.5,0.5,Topic 0,34.9
Document 847,2.3,11.4,1.3,11.1,52.2,6.1,1.0,14.6,Topic 4,52.2
Document 848,6.9,12.9,21.2,2.6,2.5,33.4,13.2,7.4,Topic 5,33.4
Document 849,10.1,3.7,12.7,34.7,1.3,22.0,11.1,4.4,Topic 3,34.7
Document 850,26.3,3.4,3.4,12.4,8.6,21.0,16.7,8.2,Topic 0,26.3
Document 851,11.8,35.1,0.2,1.8,27.8,9.1,2.8,11.3,Topic 1,35.1
Document 852,0.1,4.5,14.3,9.7,22.0,1.4,43.3,4.8,Topic 6,43.3
Document 853,7.0,9.1,11.0,6.9,17.0,26.2,0.7,22.0,Topic 5,26.2
Document 854,0.8,9.7,2.4,19.5,18.9,3.6,2.0,43.0,Topic 7,43.0
Document 855,14.8,15.2,10.9,1.0,2.8,47.0,5.1,3.2,Topic 5,47.0
Document 856,14.2,1.1,0.1,31.3,30.5,0.1,1.4,21.3,Topic 3,31.3
Document 857,13.0,30.0,3.8,0.0,10.3,9.3,16.4,17.1,Topic 1,30.0
Document 858,6.5,4.7,9.8,2.8,4.9,21.5,0.2,49.7,Topic 7,49.7
Document 859,33.6,6.6,8.3,14.3,15.8,2.9,0.4,18.2,Topic 0,33.6
Document 860,8.0,12.7,0.1,33.9,1.1,6.9,14.3,23.0,Topic 3,33.9
Document 861,0.0,46.5,4.0,12.7,9.9,9.2,11.4,6.3,Topic 1,46.5
Document 862,9.1,12.3,14.8,14.9,1.1,22.3,14.3,11.1,Topic 5,22.3
Document 863,0.5,19.3,7.8,18.0,11.4,15.4,6.7,20.9,Topic 7,20.9
Document 864,0.3,0.8,13.3,16.9,12.0,33.3,8.0,15.3,Topic 5,33.3
Document 865,9.5,4.1,5.3,10.7,9.6,9.6,11.4,39.8,Topic 7,39.8
Document 866,35.1,0.0,11.9,5.4,32.7,3.3,0.3,11.4,Topic 0,35.1
Document 867,0.7,4.3,0.6,65.4,3.0,18.7,0.2,7.1,Topic 3,65.4
Document 868,11.7,33.9,5.0,4.5,9.3,19.9,0.2,15.5,Topic 1,33.9
Document 869,7.0,17.0,14.6,8.9,14.7,10.4,15.8,11.4,Topic 1,17.0
Document 870,8.8,1.7,5.9,1.1,0.0,0.3,70.4,11.8,Topic 6,70.4
Document 871,0.4,4.1,10.1,11.8,21.0,20.3,12.3,20.0,Topic 4,21.0
Document 872,27.4,23.0,11.4,1.6,5.2,5.9,15.1,10.3,Topic 0,27.4
Document 873,27.1,17.6,21.2,3.9,3.5,2.3,12.6,11.8,Topic 0,27.1
Document 874,2.2,1.6,15.7,18.8,35.7,13.5,5.4,7.3,Topic 4,35.7
Document 875,1.3,0.3,5.2,3.0,1.6,0.7,82.6,5.2,Topic 6,82.6
Document 876,4.1,8.3,5.3,38.4,3.2,4.9,10.0,25.9,Topic 3,38.4
Document 877,1.2,11.1,7.7,34.1,2.0,17.3,2.2,24.4,Topic 3,34.1
Document 878,2.3,13.7,15.2,31.0,6.2,0.1,1.3,30.3,Topic 3,31.0
Document 879,8.0,36.8,24.4,3.8,13.2,1.5,3.5,8.7,Topic 1,36.8
Document 880,13.4,0.1,52.2,5.4,10.6,1.8,5.4,11.1,Topic 2,52.2
Document 881,35.7,9.5,19.4,18.3,7.0,4.6,2.4,3.1,Topic 0,35.7
Document 882,2.5,10.8,1.5,23.7,23.3,13.5,0.8,24.0,Topic 7,24.0
Document 883,8.8,27.5,8.8,3.4,10.5,2.0,10.8,28.1,Topic 7,28.1
Document 884,1.4,1.5,1.3,32.1,10.4,16.7,0.2,36.3,Topic 7,36.3
Document 885,0.5,8.6,1.8,56.7,16.2,7.3,3.2,5.8,Topic 3,56.7
Document 886,7.0,7.9,4.4,36.2,15.3,6.1,0.5,22.6,Topic 3,36.2
Document 887,4.5,33.3,17.8,17.0,6.0,2.2,17.6,1.6,Topic 1,33.3
Document 888,0.1,2.7,2.0,7.1,29.5,0.9,34.1,23.6,Topic 6,34.1
Document 889,6.4,11.7,7.3,7.6,21.5,0.3,42.8,2.4,Topic 6,42.8
Document 890,15.2,19.5,25.2,1.5,0.2,11.3,0.1,27.0,Topic 7,27.0
Document 891,14.7,9.4,11.3,9.2,32.7,15.6,1.2,6.1,Topic 4,32.7
Document 892,0.5,5.7,4.3,22.9,33.6,3.6,17.3,12.1,Topic 4,33.6
Document 893,1.0,24.1,6.5,10.3,7.5,2.3,27.9,20.3,Topic 6,27.9
Document 894,0.3,9.1,6.3,16.9,19.2,1.5,15.4,31.3,Topic 7,31.3
Document 895,5.7,21.3,0.9,6.5,19.7,15.2,7.8,22.8,Topic 7,22.8
Document 896,9.4,23.4,5.4,17.7,9.0,21.8,5.7,7.5,Topic 1,23.4
Document 897,1.5,0.3,3.0,17.1,15.7,23.7,20.7,18.2,Topic 5,23.7
Document 898,1.9,1.5,43.9,0.3,2.7,0.2,47.6,2.1,Topic 6,47.6
Document 899,4.2,5.7,5.7,1.4,6.6,62.0,0.3,14.0,Topic 5,62.0
Document 900,31.1,10.8,11.3,4.5,6.7,6.0,27.6,2.0,Topic 0,31.1
Document 901,19.7,0.2,11.9,24.3,5.7,20.7,4.6,12.9,Topic 3,24.3
Document 902,23.9,2.0,21.4,2.4,0.1,23.5,0.9,25.8,Topic 7,25.8
Document 903,4.9,9.3,1.3,17.1,9.1,48.6,0.4,9.4,Topic 5,48.6
Document 904,22.9,13.9,5.0,14.3,8.4,23.4,7.9,4.0,Topic 5,23.4
Document 905,0.7,17.9,1.5,19.5,6.0,13.9,31.2,9.4,Topic 6,31.2
Document 906,3.0,4.9,4.6,13.6,5.1,20.3,26.5,21.9,Topic 6,26.5
Document 907,15.6,18.4,10.4,0.7,39.5,2.8,2.7,9.9,Topic 4,39.5
Document 908,31.2,3.9,8.2,8.4,12.5,8.9,6.7,20.2,Topic 0,31.2
Document 909,2.6,1.7,1.1,59.8,10.2,8.3,8.2,8.1,Topic 3,59.8
Document 910,2.8,24.3,8.1,24.6,12.0,3.6,0.7,23.9,Topic 3,24.6
Document 911,0.4,20.4,0.9,4.8,14.5,48.9,0.7,9.3,Topic 5,48.9
Document 912,3.3,26.8,18.4,14.6,3.7,1.0,0.1,32.1,Topic 7,32.1
Document 913,11.2,5.5,4.2,5.5,6.7,5.4,26.5,34.9,Topic 7,34.9
Document 914,3.7,3.5,0.5,4.3,0.1,16.9,12.3,58.7,Topic 7,58.7
Document 915,4.0,29.2,19.1,7.3,1.4,20.9,12.2,5.9,Topic 1,29.2
Document 916,65.4,0.2,21.7,3.3,2.6,0.2,3.5,3.3,Topic 0,65.4
Document 917,17.3,6.3,3.2,12.3,10.2,28.5,8.9,13.5,Topic 5,28.5
Document 918,0.5,14.0,6.7,0.4,18.0,8.2,51.1,1.1,Topic 6,51.1
Document 919,24.3,4.3,1.5,8.6,11.8,18.5,29.1,1.8,Topic 6,29.1
Document 920,0.7,4.3,6.5,54.4,0.4,10.9,3.2,19.6,Topic 3,54.4
Document 921,15.8,22.9,0.1,3.0,1.1,2.2,35.7,19.2,Topic 6,35.7
Document 922,0.1,10.8,0.1,52.4,5.5,0.4,9.7,21.0,Topic 3,52.4
Document 923,10.7,10.8,7.1,2.4,22.1,0.1,38.3,8.4,Topic 6,38.3
Document 924,11.7,6.4,4.7,22.4,1.9,0.5,3.4,49.1,Topic 7,49.1
Document 925,2.3,1.3,20.4,18.3,3.0,51.9,0.1,2.6,Topic 5,51.9
Document 926,0.1,3.2,0.6,12.8,26.4,20.2,1.5,35.1,Topic 7,35.1
Document 927,8.8,11.6,28.0,1.6,11.5,0.9,19.4,18.2,Topic 2,28.0
Document 928,0.1,16.7,0.1,58.0,4.7,8.4,3.5,8.4,Topic 3,58.0
Document 929,9.8,55.3,3.6,5.5,6.6,0.6,16.1,2.4,Topic 1,55.3
Document 930,0.4,1.2,4.1,40.2,6.7,25.2,2.8,19.4,Topic 3,40.2
Document 931,13.3,9.9,47.2,3.7,4.3,10.0,2.7,8.9,Topic 2,47.2
Document 932,0.3,2.0,2.8,37.3,1.4,2.4,2.7,51.1,Topic 7,51.1
Document 933,0.5,12.3,5.6,19.7,14.2,31.8,0.1,15.8,Topic 5,31.8
Document 934,39.1,3.4,18.5,0.8,13.9,18.9,4.2,1.2,Topic 0,39.1
Document 935,2.0,6.8,6.3,12.6,38.4,7.3,9.2,17.4,Topic 4,38.4
Document 936,1.8,33.2,10.8,20.0,12.6,6.6,10.2,4.9,Topic 1,33.2
Document 937,37.5,29.0,9.7,0.7,2.7,5.5,13.3,1.7,Topic 0,37.5
Document 938,2.4,33.2,11.6,16.0,8.9,3.0,11.8,13.2,Topic 1,33.2
Document 939,0.1,2.2,2.5,0.1,0.6,2.2,92.2,0.1,Topic 6,92.2
Document 940,1.8,17.6,0.5,0.7,7.4,3.7,48.3,20.0,Topic 6,48.3
Document 941,3.5,11.1,7.4,0.1,0.4,59.8,0.1,17.4,Topic 5,59.8
Document 942,9.1,5.3,4.8,15.2,1.0,50.8,3.0,10.7,Topic 5,50.8
Document 943,1.6,0.0,35.1,14.0,6.9,9.0,24.1,9.1,Topic 2,35.1
Document 944,11.8,3.6,24.2,12.8,7.7,26.8,2.4,10.6,Topic 5,26.8
Document 945,17.9,12.3,25.0,0.7,2.3,22.2,0.9,18.8,Topic 2,25.0
Document 946,12.6,7.1,16.6,4.8,5.7,0.4,12.8,40.1,Topic 7,40.1
Document 947,15.5,20.0,1.4,23.7,9.3,9.8,10.2,10.2,Topic 3,23.7
Document 948,5.8,41.6,15.4,7.1,12.8,2.8,1.3,13.3,Topic 1,41.6
Document 949,12.6,0.5,3.3,4.6,6.8,45.7,5.2,21.3,Topic 5,45.7
Document 950,0.2,6.3,8.9,15.0,5.4,9.8,2.6,51.8,Topic 7,51.8
Document 951,8.9,38.2,4.4,6.8,20.2,1.8,14.2,5.6,Topic 1,38.2
Document 952,12.9,21.4,6.0,36.5,5.1,8.8,4.0,5.3,Topic 3,36.5
Document 953,17.6,20.9,20.3,4.1,10.5,1.2,21.2,4.1,Topic 6,21.2
Document 954,1.4,5.9,0.9,2.7,12.3,69.9,5.8,1.0,Topic 5,69.9
Document 955,0.9,5.6,7.1,7.6,47.4,12.2,0.8,18.4,Topic 4,47.4
Document 956,0.6,3.3,6.2,30.3,3.6,32.1,13.7,10.2,Topic 5,32.1
Document 957,1.1,22.6,5.4,18.0,11.1,0.5,0.1,41.3,Topic 7,41.3
Document 958,28.8,0.9,4.5,20.7,23.8,4.0,3.4,13.9,Topic 0,28.8
Document 959,5.3,14.5,0.0,26.6,22.6,24.0,6.2,0.7,Topic 3,26.6
Document 960,17.7,6.4,2.6,17.9,3.3,3.4,11.4,37.3,Topic 7,37.3
Document 961,5.2,4.2,4.4,14.9,30.5,2.4,0.1,38.3,Topic 7,38.3
Document 962,18.3,4.8,1.0,21.2,14.6,8.2,4.7,27.3,Topic 7,27.3
Document 963,18.6,49.4,6.1,4.4,6.1,4.3,2.9,8.3,Topic 1,49.4
Document 964,0.8,8.9,4.5,17.3,2.1,51.0,2.1,13.4,Topic 5,51.0
Document 965,10.9,19.1,24.8,0.3,3.8,19.7,1.4,20.0,Topic 2,24.8
Document 966,14.7,18.7,3.7,16.3,21.3,0.6,18.2,6.5,Topic 4,21.3
Document 967,0.9,16.5,4.3,11.1,23.1,27.3,0.3,16.6,Topic 5,27.3
Document 968,3.2,0.1,16.1,4.5,0.2,3.1,72.0,1.0,Topic 6,72.0
Document 969,1.6,1.2,0.2,11.4,19.2,2.6,1.7,62.2,Topic 7,62.2
Document 970,36.2,11.9,11.9,7.4,0.1,5.6,19.9,6.9,Topic 0,36.2
Document 971,8.2,6.4,4.9,24.5,13.5,11.8,0.2,30.5,Topic 7,30.5
Document 972,56.8,10.3,1.9,3.9,11.6,1.0,0.6,13.9,Topic 0,56.8
Document 973,4.1,8.6,0.9,2.1,23.2,54.7,6.5,0.1,Topic 5,54.7
Document 974,7.8,2.2,6.7,33.8,4.6,37.6,5.8,1.4,Topic 5,37.6
Document 975,8.8,4.8,2.2,65.9,1.8,10.4,1.2,4.8,Topic 3,65.9
Document 976,8.8,10.5,16.3,4.9,5.5,31.4,7.3,15.2,Topic 5,31.4
Document 977,0.3,0.2,37.8,14.2,0.2,9.6,2.1,35.6,Topic 2,37.8
Document 978,0.3,6.1,0.2,64.1,4.4,13.8,0.4,10.7,Topic 3,64.1
Document 979,9.5,0.4,34.0,6.6,17.7,11.2,3.3,17.4,Topic 2,34.0
Document 980,5.5,4.2,13.5,26.6,9.3,18.0,1.3,21.5,Topic 3,26.6
Document 981,5.0,33.3,1.5,9.2,15.6,6.0,14.0,15.5,Topic 1,33.3
Document 982,33.5,6.4,20.8,16.5,11.0,3.5,1.3,7.0,Topic 0,33.5
Document 983,49.9,2.7,4.4,2.4,14.5,3.4,13.4,9.3,Topic 0,49.9
Document 984,18.8,0.8,38.3,5.1,7.5,15.3,5.7,8.3,Topic 2,38.3
Document 985,20.2,16.6,3.9,14.9,9.9,5.7,11.2,17.5,Topic 0,20.2
Document 986,3.0,0.1,5.8,17.3,6.7,3.5,1.8,61.8,Topic 7,61.8
Document 987,19.7,0.4,19.8,9.5,8.5,0.0,35.7,6.3,Topic 6,35.7
Document 988,47.0,11.2,2.1,0.3,9.7,7.9,2.2,19.5,Topic 0,47.0
Document 989,1.8,3.1,16.9,10.3,2.6,2.7,50.9,11.7,Topic 6,50.9
Document 990,1.1,13.3,3.9,21.6,6.2,39.1,0.2,14.6,Topic 5,39.1
Document 991,5.7,39.7,2.3,4.3,23.6,2.2,21.8,0.4,Topic 1,39.7
Document 992,3.9,53.2,10.1,5.3,10.0,1.4,3.6,12.5,Topic 1,53.2
Document 993,25.4,8.8,7.2,4.4,14.8,8.5,7.2,23.7,Topic 0,25.4
Document 994,1.0,5.6,5.3,47.3,8.1,1.6,8.8,22.3,Topic 3,47.3
Document 995,6.7,26.7,3.9,12.5,12.6,8.8,5.0,23.8,Topic 1,26.7
Document 996,4.4,3.8,6.8,2.9,2.3,4.9,71.4,3.5,Topic 6,71.4
Document 997,3.0,81.6,2.0,0.1,1.8,7.0,0.7,3.8,Topic 1,81.6
Document 998,5.6,1.1,0.9,6.9,23.5,7.8,42.8,11.4,Topic 6,42.8
Document 999,45.5,5.3,7.6,2.9,7.2,13.9,10.2,7.4,Topic 0,45.5
